"品种ID","品种名称","类别","图片URL","来源状态","作者","授权","是否AI生成"
"dongbei-min-pig","东北民猪","猪","https://miaoda-site-img.cdn.bcebos.com/images/baidu_image_search_195f8ab4-b756-4f49-801e-cacd8282e51b.jpg","历史外链；来源权利待核验","","","未核验"
"nanyang-cattle","南阳牛","牛","https://miaoda-site-img.cdn.bcebos.com/images/baidu_image_search_7483d6cd-46ea-4d98-afb7-980ad8b4d087.jpg","历史外链；来源权利待核验","","","未核验"
"mongolian-sheep","蒙古羊","羊","https://miaoda-site-img.cdn.bcebos.com/images/baidu_image_search_82bc69fe-8083-4672-842f-3cde48d3fdd0.jpg","历史外链；来源权利待核验","","","未核验"
"beijing-oil-chicken","北京油鸡","鸡","https://miaoda-site-img.cdn.bcebos.com/images/baidu_image_search_95be6b46-6f63-4945-bd18-9ea8b176c2bb.jpg","历史外链；来源权利待核验","","","未核验"
"gaoyou-duck","高邮鸭","鸭","https://miaoda-site-img.cdn.bcebos.com/images/baidu_image_search_27735104-5afe-4406-a998-ff2a53ba8996.jpg","历史外链；来源权利待核验","","","未核验"
"xiang-pig","香猪","猪","https://miaoda-site-img.cdn.bcebos.com/images/baidu_image_search_e21f4e72-783c-400f-80bc-5609677a90e2.jpg","历史外链；来源权利待核验","","","未核验"
"qinchuan-cattle","秦川牛","牛","https://miaoda-site-img.cdn.bcebos.com/images/baidu_image_search_2a6a55cd-187c-470a-89f9-1594ebd8f090.jpg","历史外链；来源权利待核验","","","未核验"
"hu-sheep","湖羊","羊","https://miaoda-site-img.cdn.bcebos.com/images/baidu_image_search_e57d49fc-fc17-45c2-ae9f-7274c1f174f8.jpg","历史外链；来源权利待核验","","","未核验"
"silky-fowl","丝羽乌骨鸡","鸡","https://miaoda-site-img.cdn.bcebos.com/images/baidu_image_search_bfd64303-33cd-4cca-a5b1-8f07eda0b8da.jpg","历史外链；来源权利待核验","","","未核验"
"shaoxing-duck","绍兴鸭","鸭","https://miaoda-site-img.cdn.bcebos.com/images/baidu_image_search_a63baa93-8fb0-44d3-92f5-12a12427ea6f.jpg","历史外链；来源权利待核验","","","未核验"
"tibetan-pig","藏猪","猪","https://miaoda-site-img.cdn.bcebos.com/images/baidu_image_search_00cae6d1-8767-4d4f-be43-09a647f99898.jpg","历史外链；来源权利待核验","","","未核验"
"yanbian-cattle","延边牛","牛","https://miaoda-site-img.cdn.bcebos.com/images/baidu_image_search_2cc526b2-f4b5-456f-9559-54812d320edd.jpg","历史外链；来源权利待核验","","","未核验"
"tan-sheep","滩羊","羊","https://miaoda-site-img.cdn.bcebos.com/images/baidu_image_search_666318d7-bb44-46e7-8113-41f45b3c4aef.jpg","历史外链；来源权利待核验","","","未核验"
"langshan-chicken","狼山鸡","鸡","https://miaoda-site-img.cdn.bcebos.com/images/baidu_image_search_7aa5d02f-722c-4c50-9526-83e38abebe02.jpg","历史外链；来源权利待核验","","","未核验"
"jinding-duck","金定鸭","鸭","https://miaoda-site-img.cdn.bcebos.com/images/baidu_image_search_197f8f1a-8975-4bab-8065-1c5d9c1c0000.jpg","历史外链；来源权利待核验","","","未核验"
"wuzhishan-pig","五指山猪","猪","https://miaoda-site-img.cdn.bcebos.com/images/baidu_image_search_d053bde4-49db-48c7-8bf7-7594a6685dbc.jpg","历史外链；来源权利待核验","","","未核验"
"luxi-yellow-cattle","鲁西黄牛","牛","https://miaoda-site-img.cdn.bcebos.com/images/baidu_image_search_d5794430-248c-403b-93a9-5afaa3a2f249.jpg","历史外链；来源权利待核验","","","未核验"
"small-tail-han-sheep","小尾寒羊","羊","https://miaoda-site-img.cdn.bcebos.com/images/baidu_image_search_bf151e66-066b-4747-b9a1-8ae3acafc948.jpg","历史外链；来源权利待核验","","","未核验"
"qingyuan-partridge-chicken","清远麻鸡","鸡","https://miaoda-site-img.cdn.bcebos.com/images/baidu_image_search_18c50b7e-083e-494e-8637-c2fcb7d05c09.jpg","历史外链；来源权利待核验","","","未核验"
"jianchang-duck","建昌鸭","鸭","https://miaoda-site-img.cdn.bcebos.com/images/baidu_image_search_6372ca0a-20a1-4554-97c5-c0742aa8a2a5.jpg","历史外链；来源权利待核验","","","未核验"
"tibetan-chicken","藏鸡","鸡","https://miaoda-site-img.cdn.bcebos.com/images/baidu_image_search_1234ac5f-ee77-419b-8b23-82a219328cb9.jpg","历史外链；来源权利待核验","","","未核验"
"kazakh-sheep","哈萨克羊","羊","https://miaoda-site-img.cdn.bcebos.com/images/baidu_image_search_e48b3269-a27f-4926-b625-31c07330b901.jpg","历史外链；来源权利待核验","","","未核验"
"jinnan-cattle","晋南牛","牛","https://miaoda-site-img.cdn.bcebos.com/images/baidu_image_search_74ebd18e-3804-4682-b8b9-f96bb9790928.jpg","历史外链；来源权利待核验","","","未核验"
"huainan-pig","淮南猪","猪","https://miaoda-site-img.cdn.bcebos.com/images/baidu_image_search_4701900d-a753-4559-ac3d-2c103985e24d.jpg","历史外链；来源权利待核验","","","未核验"
"xianju-chicken","仙居鸡","鸡","https://miaoda-site-img.cdn.bcebos.com/images/baidu_image_search_37b9ea07-ed37-45c1-9966-94a184a2d8c0.jpg","历史外链；来源权利待核验","","","未核验"
"bian-chicken","边鸡","鸡","https://miaoda-site-img.cdn.bcebos.com/images/baidu_image_search_e57ea4d1-20be-414f-ac4f-209d924e960d.jpg","历史外链；来源权利待核验","","","未核验"
"dahe-wu-pig","大河乌猪","猪","https://miaoda-site-img.cdn.bcebos.com/images/baidu_image_search_08ad012d-a2ed-4ef6-9418-bc9a998c708e.jpg","历史外链；来源权利待核验","","","未核验"
"xiangxi-yellow-cattle","湘西黄牛","牛","https://miaoda-site-img.cdn.bcebos.com/images/baidu_image_search_3b8df53f-e07b-45d6-afb6-5141813ce339.jpg","历史外链；来源权利待核验","","","未核验"
"rongchang-pig","荣昌猪","猪","https://miaoda-site-img.cdn.bcebos.com/images/baidu_image_search_23d94f10-2449-44a7-926e-24c3eb149bd4.jpg","历史外链；来源权利待核验","","","未核验"
"taihu-pig","太湖猪","猪","https://miaoda-site-img.cdn.bcebos.com/images/baidu_image_search_9cbb1406-25ec-4406-b914-7ceb63451480.jpg","历史外链；来源权利待核验","","","未核验"
"panjiang-cattle","盘江牛","牛","https://miaoda-site-img.cdn.bcebos.com/images/baidu_image_search_d09e8ee5-eba0-4b1f-89e5-e380e474c901.jpg","历史外链；来源权利待核验","","","未核验"
"camellia-chicken","茶花鸡","鸡","https://miaoda-site-img.cdn.bcebos.com/images/baidu_image_search_8c7cc187-1858-4c79-8790-786d6588df0b.jpg","历史外链；来源权利待核验","","","未核验"
"longyou-partridge-chicken","龙游麻鸡","鸡","https://miaoda-site-img.cdn.bcebos.com/images/baidu_image_search_12058cf3-2027-47c6-95de-0ff68f824f92.jpg","历史外链；来源权利待核验","","","未核验"
"lichuan-horse","利川马","马","https://miaoda-site-img.cdn.bcebos.com/images/baidu_image_search_6dcd4ab8-6f94-433b-a9d0-03bbf6ef7653.jpg","历史外链；来源权利待核验","","","未核验"
"tianzhu-white-yak","天祝白牦牛","牛","https://miaoda-site-img.cdn.bcebos.com/images/baidu_image_search_a58bee13-951c-407c-a169-1c359a640574.jpg","历史外链；来源权利待核验","","","未核验"
"ningxiang-pig","宁乡猪","猪","https://miaoda-site-img.cdn.bcebos.com/images/baidu_image_search_a297ee68-78b8-40b2-b9a1-0382c69d8eb6.jpg","历史外链；来源权利待核验","","","未核验"
"wenshan-cattle","文山牛","牛","https://miaoda-site-img.cdn.bcebos.com/images/baidu_image_search_fdd1e756-78db-488a-b88d-f24fe938ad5a.jpg","历史外链；来源权利待核验","","","未核验"
"liaoning-cashmere-goat","辽宁绒山羊","羊","https://miaoda-site-img.cdn.bcebos.com/images/baidu_image_search_ec816c49-fbb2-4823-850c-f2bb70446098.jpg","历史外链；来源权利待核验","","","未核验"
"guangxi-small-ear-pig","广西小耳猪","猪","https://miaoda-site-img.cdn.bcebos.com/images/baidu_image_search_f47faca3-4763-46db-a48f-86810b3d3efc.jpg","历史外链；来源权利待核验","","","未核验"
"guizhou-yellow-cattle","贵州黄牛","牛","https://miaoda-site-img.cdn.bcebos.com/images/baidu_image_search_d5864b61-a46a-4ba1-8ca8-a6682f32b7c4.jpg","历史外链；来源权利待核验","","","未核验"
"gansu-alpine-merino","甘肃高山细毛羊","羊","https://miaoda-site-img.cdn.bcebos.com/images/baidu_image_search_c7e0881b-7987-4335-82ce-c8544a738ee1.jpg","历史外链；来源权利待核验","","","未核验"
"sichuan-mountain-duck","四川麻鸭","鸭","https://miaoda-site-img.cdn.bcebos.com/images/baidu_image_search_db6439be-f180-43f8-b253-cd89da63ee48.jpg","历史外链；来源权利待核验","","","未核验"
"guangdong-yellow-chicken","广东三黄鸡","鸡","https://miaoda-site-img.cdn.bcebos.com/images/baidu_image_search_794b9823-db27-48f2-a605-fe92c9d2b257.jpg","历史外链；来源权利待核验","","","未核验"
"inner-mongolia-horse","蒙古马","马","https://miaoda-site-img.cdn.bcebos.com/images/baidu_image_search_6e8a09c3-f2b0-4f5e-be2f-c9680df7fece.jpg","历史外链；来源权利待核验","","","未核验"
"shanxi-black-pig","山西黑猪","猪","https://miaoda-site-img.cdn.bcebos.com/images/baidu_image_search_1dfaf1c7-4d83-4fd1-b0db-03f69e6979c6.jpg","历史外链；来源权利待核验","","","未核验"
"fujian-yellow-cattle","闽南黄牛","牛","https://miaoda-site-img.cdn.bcebos.com/images/baidu_image_search_8ce35adc-7ad7-498e-971d-26249ac19bde.jpg","历史外链；来源权利待核验","","","未核验"
"anhui-white-goat","安徽白山羊","羊","https://miaoda-site-img.cdn.bcebos.com/images/baidu_image_search_67caa4fb-bd55-43ba-8107-9bd141779860.jpg","历史外链；来源权利待核验","","","未核验"
"jiangxi-yellow-duck","江西番鸭","鸭","https://miaoda-site-img.cdn.bcebos.com/images/baidu_image_search_fcfe1ed7-81d1-4f9d-ae26-fde8938f136a.jpg","历史外链；来源权利待核验","","","未核验"
"hebei-donkey","德州驴","其他","https://miaoda-site-img.cdn.bcebos.com/images/baidu_image_search_e5528755-eb6f-46af-975c-0dcf5cc415b3.jpg","历史外链；来源权利待核验","","","未核验"
"yunnan-black-bone-chicken","云南乌骨鸡","鸡","https://miaoda-site-img.cdn.bcebos.com/images/baidu_image_search_62c90d40-d5b3-4613-86b2-82a0c3459fb0.jpg","历史外链；来源权利待核验","","","未核验"
"shaanxi-goat","陕北白绒山羊","羊","https://miaoda-site-img.cdn.bcebos.com/images/baidu_image_search_4ef1f441-1fa6-48d9-958f-9cd329ae3682.jpg","历史外链；来源权利待核验","","","未核验"
"guizhou-small-yellow-cattle","贵州小黄牛","牛","https://miaoda-site-img.cdn.bcebos.com/images/baidu_image_search_d7e9ac3b-69be-43e4-96b7-6a3929bf3ebc.jpg","历史外链；来源权利待核验","","","未核验"
"hubei-black-pig","湖北黑猪","猪","https://miaoda-site-img.cdn.bcebos.com/images/baidu_image_search_7a66f8fb-02b4-4854-a665-9064ff5d5ce8.jpg","历史外链；来源权利待核验","","","未核验"
"sichuan-white-goat","四川白山羊","羊","https://miaoda-site-img.cdn.bcebos.com/images/baidu_image_search_e9cad03a-2cc9-40d2-b73d-796ea853841d.jpg","历史外链；来源权利待核验","","","未核验"
"xinjiang-horse","伊犁马","马","https://miaoda-site-img.cdn.bcebos.com/images/baidu_image_search_1d6fedf1-b9ab-4ca0-8880-85af928d4b35.jpg","历史外链；来源权利待核验","","","未核验"
"guangxi-yellow-cattle","广西黄牛","牛","https://miaoda-site-img.cdn.bcebos.com/images/baidu_image_search_9f6501e6-857f-487b-8d89-23685cd95858.jpg","历史外链；来源权利待核验","","","未核验"
"shandong-black-pig","山东黑猪","猪","https://miaoda-site-img.cdn.bcebos.com/images/baidu_image_search_3f8ec5d5-11c8-4ee3-8d70-b5cc9ec7b14f.jpg","历史外链；来源权利待核验","","","未核验"
"yunnan-yellow-goat","云南黑山羊","羊","https://miaoda-site-img.cdn.bcebos.com/images/baidu_image_search_c8783bb3-b996-4757-a9fd-cc1182331459.jpg","历史外链；来源权利待核验","","","未核验"
"tibetan-horse","藏马","马","https://miaoda-site-img.cdn.bcebos.com/images/baidu_image_search_76555642-da95-4706-95e2-e1e205389742.jpg","历史外链；来源权利待核验","","","未核验"
"shaanxi-donkey","关中驴","其他","https://miaoda-site-img.cdn.bcebos.com/images/baidu_image_search_9b95db09-e367-4ce6-9149-769549617f57.jpg","历史外链；来源权利待核验","","","未核验"
"anhui-yellow-cattle","安徽皖南牛","牛","https://miaoda-site-img.cdn.bcebos.com/images/baidu_image_search_dc6a5b1f-703e-4607-91a7-feb00e9b3781.jpg","历史外链；来源权利待核验","","","未核验"
"jiangxi-black-pig","江西赣中南花猪","猪","https://miaoda-site-img.cdn.bcebos.com/images/baidu_image_search_55f89b2c-bbfe-49c0-a948-1f70e1fced71.jpg","历史外链；来源权利待核验","","","未核验"
"guangdong-black-bone-chicken","广东清远乌骨鸡","鸡","https://miaoda-site-img.cdn.bcebos.com/images/baidu_image_search_7a29b5b1-c3fa-4918-8c73-07e49cc1a9b8.jpg","历史外链；来源权利待核验","","","未核验"
"hubei-yellow-cattle","湖北恩施黄牛","牛","https://miaoda-site-img.cdn.bcebos.com/images/baidu_image_search_e59152f4-dff0-4807-a478-1d719c819054.jpg","历史外链；来源权利待核验","","","未核验"
"yunnan-yellow-cattle","云南邓川牛","牛","https://miaoda-site-img.cdn.bcebos.com/images/baidu_image_search_96992646-3c24-4507-846c-8d08a49e2b1f.jpg","历史外链；来源权利待核验","","","未核验"
"gansu-horse","甘肃山丹马","马","https://miaoda-site-img.cdn.bcebos.com/images/baidu_image_search_97c55c3e-ff89-4a4c-aeb1-a783be83995d.jpg","历史外链；来源权利待核验","","","未核验"
"shandong-goat","山东济宁青山羊","羊","https://miaoda-site-img.cdn.bcebos.com/images/baidu_image_search_ceed42c3-1465-488e-9b76-f59048706a28.jpg","历史外链；来源权利待核验","","","未核验"
"bama-xiang-pig","巴马香猪","猪","https://miaoda-site-img.cdn.bcebos.com/images/baidu_image_search_ee801ed0-bc3f-4516-8e5f-f7973ae2bf39.jpg","历史外链；来源权利待核验","","","未核验"
"liushahe-pig","流沙河猪","猪","https://miaoda-site-img.cdn.bcebos.com/images/baidu_image_search_aae410c6-c92e-4519-98ff-ded2246f1e08.jpg","历史外链；来源权利待核验","","","未核验"
"shaziling-pig","沙子岭猪","猪","https://miaoda-site-img.cdn.bcebos.com/images/baidu_image_search_1862c1ea-47fb-4347-95ef-9ab152dc970c.jpg","历史外链；来源权利待核验","","","未核验"
"diannan-xiaoer-pig","滇南小耳猪","猪","https://miaoda-site-img.cdn.bcebos.com/images/baidu_image_search_66a07f87-dd05-4cb4-9d59-c10aa691d021.jpg","历史外链；来源权利待核验","","","未核验"
"lichacun-pig","里岔黑猪","猪","https://miaoda-site-img.cdn.bcebos.com/images/baidu_image_search_d57dc69c-6956-4d33-9346-c58eca4cb556.jpg","历史外链；来源权利待核验","","","未核验"
"wujiao-pig","海南五脚猪","猪","https://miaoda-site-img.cdn.bcebos.com/images/baidu_image_search_314710a6-affb-4699-b63d-387e6f719229.jpg","历史外链；来源权利待核验","","","未核验"
"leiqiong-cattle","雷琼牛","牛","https://miaoda-site-img.cdn.bcebos.com/images/baidu_image_search_1738472a-0e0f-4ffe-9d3d-cfede3f3430c.jpg","历史外链；来源权利待核验","","","未核验"
"jiaxian-red-cattle","郏县红牛","牛","https://miaoda-site-img.cdn.bcebos.com/images/baidu_image_search_1182b91c-e0b6-4b52-bf5e-b05c38b06836.jpg","历史外链；来源权利待核验","","","未核验"
"bohai-black-cattle","渤海黑牛","牛","https://miaoda-site-img.cdn.bcebos.com/images/baidu_image_search_5b9f46f6-0a82-4c77-906c-5e2e7bba64f5.jpg","历史外链；来源权利待核验","","","未核验"
"datong-horse","大通马","马","https://miaoda-site-img.cdn.bcebos.com/images/baidu_image_search_cb4d2781-81f5-41b2-891c-4849e52943ef.jpg","历史外链；来源权利待核验","","","未核验"
"chakouyi-horse","岔口驿马","马","https://miaoda-site-img.cdn.bcebos.com/images/baidu_image_search_5bf025b2-e843-45f2-b6e1-2e73cf30b7ae.jpg","历史外链；来源权利待核验","","","未核验"
"alashan-camel","阿拉善双峰驼","骆驼","https://miaoda-site-img.cdn.bcebos.com/images/baidu_image_search_12b4af46-651d-44b8-b191-229d44d34061.jpg","历史外链；来源权利待核验","","","未核验"
"sunit-camel","苏尼特双峰驼","骆驼","https://miaoda-site-img.cdn.bcebos.com/images/baidu_image_search_5b61c560-47bf-4d5c-8803-fed7533fe799.jpg","历史外链；来源权利待核验","","","未核验"
"sichuan-white-rabbit","四川白兔","兔","https://miaoda-site-img.cdn.bcebos.com/images/baidu_image_search_8116b8ab-8033-47e0-abf5-5b601ee267e6.jpg","历史外链；来源权利待核验","","","未核验"
"fujian-yellow-rabbit","福建黄兔","兔","https://miaoda-site-img.cdn.bcebos.com/images/baidu_image_search_9a532932-e398-4f37-bd48-a383d3de7ebd.jpg","历史外链；来源权利待核验","","","未核验"
"shitou-goose","狮头鹅","鹅","https://miaoda-site-img.cdn.bcebos.com/images/baidu_image_search_0ed8bf04-1a62-41de-82c9-97e3b975de17.jpg","历史外链；来源权利待核验","","","未核验"
"wanxi-white-goose","皖西白鹅","鹅","https://miaoda-site-img.cdn.bcebos.com/images/baidu_image_search_ae76ef1e-79c5-475c-8d5b-28d734163635.jpg","历史外链；来源权利待核验","","","未核验"
"shiqi-pigeon","石岐鸽","鸽","https://miaoda-site-img.cdn.bcebos.com/images/baidu_image_search_a1a3b340-d00c-47dd-8b48-8db2cd437ab3.jpg","历史外链；来源权利待核验","","","未核验"
"taihu-pigeon","太湖鸽","鸽","https://miaoda-site-img.cdn.bcebos.com/images/baidu_image_search_2107d45d-2d7e-4c5a-b785-181c6b11ade1.jpg","历史外链；来源权利待核验","","","未核验"
"shouguang-chicken","寿光鸡","鸡","https://miaoda-site-img.cdn.bcebos.com/images/baidu_image_search_126b117b-fc83-4b3f-be20-395a4a18e53d.jpg","历史外链；来源权利待核验","","","未核验"
"pudong-chicken","浦东鸡","鸡","https://miaoda-site-img.cdn.bcebos.com/images/baidu_image_search_60277f02-d361-4fc9-a6bd-b1d4258434fd.jpg","历史外链；来源权利待核验","","","未核验"
"taoyuan-chicken","桃源鸡","鸡","https://miaoda-site-img.cdn.bcebos.com/images/baidu_image_search_9a7dc55f-5fed-4cd0-a360-3e04a14e5097.jpg","历史外链；来源权利待核验","","","未核验"
"gushi-chicken","固始鸡","鸡","https://miaoda-site-img.cdn.bcebos.com/images/baidu_image_search_926f204b-d37a-4ac4-9bc2-7378ed8cae2e.jpg","历史外链；来源权利待核验","","","未核验"
"youxian-ma-duck","攸县麻鸭","鸭","https://miaoda-site-img.cdn.bcebos.com/images/baidu_image_search_441cc6ae-d202-48cc-a921-b2bc1545dce9.jpg","历史外链；来源权利待核验","","","未核验"
"lian-cheng-white-duck","连城白鸭","鸭","https://miaoda-site-img.cdn.bcebos.com/images/baidu_image_search_0cad1685-ac25-441b-b227-87b83a08aa88.jpg","历史外链；来源权利待核验","","","未核验"
"dawei-cold-sheep","大尾寒羊","羊","https://miaoda-site-img.cdn.bcebos.com/images/baidu_image_search_86a99be6-2a67-4aed-b9dc-051b1532fb57.jpg","历史外链；来源权利待核验","","","未核验"
"hetian-sheep","和田羊","羊","https://miaoda-site-img.cdn.bcebos.com/images/baidu_image_search_2f49ce84-27fe-4265-b541-1a125a4bcea3.jpg","历史外链；来源权利待核验","","","未核验"
"chengdu-ma-goat","成都麻羊","羊","https://miaoda-site-img.cdn.bcebos.com/images/baidu_image_search_28f968a7-29b4-4cd2-8d95-3bb9096a9e04.jpg","历史外链；来源权利待核验","","","未核验"
"matou-goat","马头山羊","羊","https://miaoda-site-img.cdn.bcebos.com/images/baidu_image_search_c185efa6-b41d-4624-933e-5ca5bd33da18.jpg","历史外链；来源权利待核验","","","未核验"
"hequ-horse","河曲马","马","https://miaoda-site-img.cdn.bcebos.com/images/baidu_image_search_e66106cb-beff-47e7-badd-5b79c574c032.jpg","历史外链；来源权利待核验","","","未核验"
"xupu-goose","溆浦鹅","鹅","https://miaoda-site-img.cdn.bcebos.com/images/baidu_image_search_0154e31e-298d-47d6-81d7-d251180d08db.jpg","历史外链；来源权利待核验","","","未核验"
"huoyan-goose","豁眼鹅","鹅","https://miaoda-site-img.cdn.bcebos.com/images/baidu_image_search_3cc149eb-6087-464a-95a7-8f6b7f3966be.jpg","历史外链；来源权利待核验","","","未核验"
"saibei-rabbit","塞北兔","兔","https://miaoda-site-img.cdn.bcebos.com/images/baidu_image_search_781ae23b-5406-48e7-9e25-ade5d35fc911.jpg","历史外链；来源权利待核验","","","未核验"
"taihang-rabbit","太行山兔","兔","https://miaoda-site-img.cdn.bcebos.com/images/baidu_image_search_0239228a-1407-4140-a685-eb144fa1f95a.jpg","历史外链；来源权利待核验","","","未核验"
"xinjiang-camel","新疆双峰驼","骆驼","https://miaoda-site-img.cdn.bcebos.com/images/baidu_image_search_c6f905f2-972a-4a4c-9b4b-b5f07e0e6a60.jpg","历史外链；来源权利待核验","","","未核验"
"harbin-white-rabbit","哈尔滨白兔","兔","https://miaoda-site-img.cdn.bcebos.com/images/baidu_image_search_595668bd-aacc-463e-a0da-fba5f85dccd5.jpg","历史外链；来源权利待核验","","","未核验"
"yangjiang-goose","阳江鹅","鹅","https://miaoda-site-img.cdn.bcebos.com/images/baidu_image_search_d6a351d0-8e28-49a5-a480-3178cc234394.jpg","历史外链；来源权利待核验","","","未核验"
"zhongwei-goat","中卫山羊","羊","https://miaoda-site-img.cdn.bcebos.com/images/baidu_image_search_27118cfc-94c0-4e40-a717-7c8049781fee.jpg","历史外链；来源权利待核验","","","未核验"
"sanhe-horse","三河马","马","https://miaoda-site-img.cdn.bcebos.com/images/baidu_image_search_1f26e2df-9402-44e3-86bd-c8e047dcaa0e.jpg","历史外链；来源权利待核验","","","未核验"
"dagu-chicken","大骨鸡","鸡","https://miaoda-site-img.cdn.bcebos.com/images/baidu_image_search_8f21d439-673f-42a6-915f-c3e8d7961426.jpg","历史外链；来源权利待核验","","","未核验"
"xiaoyan-chicken","霞烟鸡","鸡","https://miaoda-site-img.cdn.bcebos.com/images/baidu_image_search_a3952a1d-3859-48ef-9719-23307aef8ecc.jpg","历史外链；来源权利待核验","","","未核验"
"luoyang-cattle","平陆山地牛","牛","https://miaoda-site-img.cdn.bcebos.com/images/baidu_image_search_f5ad3b68-8b7e-432c-bca0-8d8c4bdaec6c.jpg","历史外链；来源权利待核验","","","未核验"
"chaohu-ma-duck","巢湖麻鸭","鸭","https://miaoda-site-img.cdn.bcebos.com/images/baidu_image_search_dc6351e7-6d98-4d6e-8aaf-b5577aaf8376.jpg","历史外链；来源权利待核验","","","未核验"
"duolang-sheep","多浪羊","羊","https://miaoda-site-img.cdn.bcebos.com/images/baidu_image_search_368ecb3f-7875-4a20-a168-bb55dd73228e.jpg","历史外链；来源权利待核验","","","未核验"
"jinjiang-duck","荆江鸭","鸭","https://miaoda-site-img.cdn.bcebos.com/images/baidu_image_search_b7ffdfa5-ef89-467a-bd21-81ca0fcb8810.jpg","历史外链；来源权利待核验","","","未核验"
"xiaoshan-chicken","萧山鸡","鸡","https://miaoda-site-img.cdn.bcebos.com/images/baidu_image_search_de0c98d3-34c5-414a-ac93-3418d3cab11e.jpg","历史外链；来源权利待核验","","","未核验"
"luyuan-chicken","鹿苑鸡","鸡","https://miaoda-site-img.cdn.bcebos.com/images/baidu_image_search_a96d7d71-87bf-4af6-8f78-ec143ee956ce.jpg","历史外链；来源权利待核验","","","未核验"
"huixian-black-pig","淮南黑猪","猪","https://miaoda-site-img.cdn.bcebos.com/images/baidu_image_search_1b5e7b9f-bed4-4f6c-a968-fe6f21cf40c1.jpg","历史外链；来源权利待核验","","","未核验"
"putian-black-duck","莆田黑鸭","鸭","https://miaoda-site-img.cdn.bcebos.com/images/baidu_image_search_65b2fea2-8f71-4085-8ac8-1aab2ca18bb2.jpg","历史外链；来源权利待核验","","","未核验"
"lanzhou-fat-sheep","兰州大尾羊","羊","https://miaoda-site-img.cdn.bcebos.com/images/baidu_image_search_2dc0313a-db40-4b36-918b-494c205882b2.jpg","历史外链；来源权利待核验","","","未核验"
"xining-horse","西宁马","马","https://miaoda-site-img.cdn.bcebos.com/images/baidu_image_search_24e84043-5c28-46cb-8bac-6c3e7e2a2739.jpg","历史外链；来源权利待核验","","","未核验"
"dabie-cattle","大别山牛","牛","https://miaoda-site-img.cdn.bcebos.com/images/baidu_image_search_f88f7369-514c-47bd-8f78-3e83af280501.jpg","历史外链；来源权利待核验","","","未核验"
"huangpi-pigeon","王鸽","鸽","https://miaoda-site-img.cdn.bcebos.com/images/baidu_image_search_a1a14f70-0d2f-41c2-ad07-c19de947c90a.jpg","历史外链；来源权利待核验","","","未核验"
"dawei-pig","大围子猪","猪","https://miaoda-site-img.cdn.bcebos.com/images/baidu_image_search_6ba8e840-39cf-45a7-82ec-1ed87359a387.jpg","历史外链；来源权利待核验","","","未核验"
"xiangcheng-goose","浙东白鹅","鹅","https://miaoda-site-img.cdn.bcebos.com/images/baidu_image_search_c324a62f-0d12-4f47-9a84-1faebe7ad9dd.jpg","历史外链；来源权利待核验","","","未核验"
"xuzhou-yellow-cattle","徐州黄牛","牛","https://miaoda-site-img.cdn.bcebos.com/images/baidu_image_search_46088354-64f2-4b51-98e9-2cba96a64b08.jpg","历史外链；来源权利待核验","","","未核验"
"luchuan-pig","陆川猪","猪","https://miaoda-site-img.cdn.bcebos.com/images/baidu_image_search_7c190689-0605-4817-b19f-584cf6d15ff8.jpg","历史外链；来源权利待核验","","","未核验"
"neijiang-pig","内江猪","猪","https://miaoda-site-img.cdn.bcebos.com/images/baidu_image_search_8927ceeb-d77a-420c-80d0-52fb9f7dcf5b.jpg","历史外链；来源权利待核验","","","未核验"
"yanan-pig","雅南猪","猪","https://miaoda-site-img.cdn.bcebos.com/images/baidu_image_search_e1eb9352-e4a7-4cdb-9a8b-94c4ea84a54c.jpg","历史外链；来源权利待核验","","","未核验"
"huai-pig","槐猪","猪","https://miaoda-site-img.cdn.bcebos.com/images/baidu_image_search_83937672-f41d-4799-a50a-7f8322e7ae32.jpg","历史外链；来源权利待核验","","","未核验"
"yushan-pig","玉山黑猪","猪","https://miaoda-site-img.cdn.bcebos.com/images/baidu_image_search_cc54a2c6-fcda-475b-90df-153782fe823a.jpg","历史外链；来源权利待核验","","","未核验"
"wenling-cattle","温岭高峰牛","牛","https://miaoda-site-img.cdn.bcebos.com/images/baidu_image_search_f5e05046-fe04-4fc8-b297-8577480811fb.jpg","历史外链；来源权利待核验","","","未核验"
"ebian-cattle","峨边花牛","牛","https://miaoda-site-img.cdn.bcebos.com/images/baidu_image_search_6875e4a5-35ae-4289-be8d-7c7f2faaeaf5.jpg","历史外链；来源权利待核验","","","未核验"
"tong-sheep","同羊","羊","https://miaoda-site-img.cdn.bcebos.com/images/baidu_image_search_ac63f888-13a2-4ac9-9ddb-bc7e248dd2c3.jpg","历史外链；来源权利待核验","","","未核验"
"wadi-sheep","洼地绵羊","羊","https://miaoda-site-img.cdn.bcebos.com/images/baidu_image_search_f92ca689-6fdd-4bf1-8431-27fbe349599c.jpg","历史外链；来源权利待核验","","","未核验"
"jianchang-goat","建昌黑山羊","羊","https://miaoda-site-img.cdn.bcebos.com/images/baidu_image_search_b7659f7b-3773-4e85-b61f-9d36cf9c0d9c.jpg","历史外链；来源权利待核验","","","未核验"
"longlin-goat","隆林山羊","羊","https://miaoda-site-img.cdn.bcebos.com/images/baidu_image_search_a3d7c67b-284f-43ac-a1cb-107caad1ae29.jpg","历史外链；来源权利待核验","","","未核验"
"huiyang-chicken","惠阳胡须鸡","鸡","https://miaoda-site-img.cdn.bcebos.com/images/baidu_image_search_ee0a34e3-1ee7-49f6-a3ca-18d69232fd38.jpg","历史外链；来源权利待核验","","","未核验"
"xinghua-chicken","杏花鸡","鸡","https://miaoda-site-img.cdn.bcebos.com/images/baidu_image_search_6f4607b7-4d91-48ce-b4d4-273d0938aaf4.jpg","历史外链；来源权利待核验","","","未核验"
"lushi-chicken","卢氏鸡","鸡","https://miaoda-site-img.cdn.bcebos.com/images/baidu_image_search_99538a78-d834-4ba7-b973-a91f030b4e3f.jpg","历史外链；来源权利待核验","","","未核验"
"lueyang-chicken","略阳鸡","鸡","https://miaoda-site-img.cdn.bcebos.com/images/baidu_image_search_ff40cbe8-0325-48e4-8f6f-e7924e3f42f8.jpg","历史外链；来源权利待核验","","","未核验"
"zhengyang-chicken","正阳三黄鸡","鸡","https://miaoda-site-img.cdn.bcebos.com/images/baidu_image_search_15d0a1c9-bb8b-427b-8be9-2f60c9a95047.jpg","历史外链；来源权利待核验","","","未核验"
"jingxi-duck","靖西大麻鸭","鸭","https://miaoda-site-img.cdn.bcebos.com/images/baidu_image_search_0ae29622-c30a-484f-926f-3a955e3aaa14.jpg","历史外链；来源权利待核验","","","未核验"
"weishan-duck","微山麻鸭","鸭","https://miaoda-site-img.cdn.bcebos.com/images/baidu_image_search_0e3d5b8e-ebd1-4ff4-803b-d5eea59584a4.jpg","历史外链；来源权利待核验","","","未核验"
"xingguo-goose","兴国灰鹅","鹅","https://miaoda-site-img.cdn.bcebos.com/images/baidu_image_search_abc3e9a2-62a2-4de7-964e-c8b74a7eafec.jpg","历史外链；来源权利待核验","","","未核验"
"fengcheng-goose","丰城灰鹅","鹅","https://miaoda-site-img.cdn.bcebos.com/images/baidu_image_search_952130f1-6950-414f-bf09-15ec54e818f5.jpg","历史外链；来源权利待核验","","","未核验"
"jinjiang-horse","晋江马","马","https://miaoda-site-img.cdn.bcebos.com/images/baidu_image_search_e8062c24-626e-4561-be79-a3b0cec6b81e.jpg","历史外链；来源权利待核验","","","未核验"
"dian-horse","滇马","马","https://miaoda-site-img.cdn.bcebos.com/images/baidu_image_search_8659cc35-58b1-4da0-b824-a32f3b9605ba.jpg","历史外链；来源权利待核验","","","未核验"
"yufeng-rabbit","豫丰黄兔","兔","https://miaoda-site-img.cdn.bcebos.com/images/baidu_image_search_853463a7-2151-48da-9c2f-cafbb458d5df.jpg","历史外链；来源权利待核验","","","未核验"
"shannan-goat","陕南白山羊","羊","https://miaoda-site-img.cdn.bcebos.com/images/baidu_image_search_e5a73287-1848-498f-b2aa-f061238159e1.jpg","历史外链；来源权利待核验","","","未核验"
"yimeng-pig","沂蒙黑猪","猪","https://miaoda-site-img.cdn.bcebos.com/images/baidu_image_search_b8a7f8fb-35ed-43ef-8d46-b8677c8bab39.jpg","历史外链；来源权利待核验","","","未核验"
"macheng-goat","麻城黑山羊","羊","https://miaoda-site-img.cdn.bcebos.com/images/baidu_image_search_8f4948d7-c142-442c-92e9-6a9157860b6c.jpg","历史外链；来源权利待核验","","","未核验"
"wenshang-chicken","汶上芦花鸡","鸡","https://miaoda-site-img.cdn.bcebos.com/images/baidu_image_search_e3b15bde-193e-429b-8f03-b5cd64d2c35f.jpg","历史外链；来源权利待核验","","","未核验"
"yangshan-chicken","阳山鸡","鸡","https://miaoda-site-img.cdn.bcebos.com/images/baidu_image_search_929637b3-1684-4aa0-89fd-cddb4ed76b63.jpg","历史外链；来源权利待核验","","","未核验"
"lianyuan-pig","涟源黑猪","猪","https://miaoda-site-img.cdn.bcebos.com/images/baidu_image_search_3bebcc71-1691-4400-a473-eca6313816b4.jpg","历史外链；来源权利待核验","","","未核验"
"daozhou-goose","道州灰鹅","鹅","https://miaoda-site-img.cdn.bcebos.com/images/baidu_image_search_56165c5e-2753-49e6-9a3f-cad82fb148ef.jpg","历史外链；来源权利待核验","","","未核验"
"min-pig","民猪","猪","https://miaoda-site-img.cdn.bcebos.com/images/baidu_image_search_6b8a4831-518a-43f6-a146-dc63fafd17ad.jpg","历史外链；来源权利待核验","","","未核验"
"dahuabai-pig","大花白猪","猪","https://miaoda-site-img.cdn.bcebos.com/images/baidu_image_search_04b157cd-7770-4945-9e50-55074469a5fa.jpg","历史外链；来源权利待核验","","","未核验"
"wannan-pig","皖南花猪","猪","https://miaoda-site-img.cdn.bcebos.com/images/baidu_image_search_036d1677-1194-4003-b22f-04384cbfe982.jpg","历史外链；来源权利待核验","","","未核验"
"xianju-pig","仙居花猪","猪","https://miaoda-site-img.cdn.bcebos.com/images/baidu_image_search_cfeca98c-a044-4bc7-be73-1d31adb425f5.jpg","历史外链；来源权利待核验","","","未核验"
"saba-pig","撒坝猪","猪","https://miaoda-site-img.cdn.bcebos.com/images/baidu_image_search_cbeff192-10bc-41d1-9085-d138b549c9db.jpg","历史外链；来源权利待核验","","","未核验"
"qingping-pig","清平猪","猪","https://miaoda-site-img.cdn.bcebos.com/images/baidu_image_search_c36c6d47-a592-46ef-9257-c55dfa8bfe4a.jpg","历史外链；来源权利待核验","","","未核验"
"yangxin-pig","阳新猪","猪","https://miaoda-site-img.cdn.bcebos.com/images/baidu_image_search_484ce0c7-5f8c-4345-a9c9-21c8bdb35eae.jpg","历史外链；来源权利待核验","","","未核验"
"hang-pig","杭猪","猪","https://miaoda-site-img.cdn.bcebos.com/images/baidu_image_search_f589bce9-6d28-4918-9e43-38a05f526f81.jpg","历史外链；来源权利待核验","","","未核验"
"leping-pig","乐平猪","猪","https://miaoda-site-img.cdn.bcebos.com/images/baidu_image_search_1b2f35c3-abd1-4568-9b12-c3be317f12b3.jpg","历史外链；来源权利待核验","","","未核验"
"fuzhou-cattle","复州牛","牛","https://miaoda-site-img.cdn.bcebos.com/images/baidu_image_search_ce192f5b-829c-4e45-be8c-9d9c6289433a.jpg","历史外链；来源权利待核验","","","未核验"
"mongolian-cattle","蒙古牛","牛","https://miaoda-site-img.cdn.bcebos.com/images/baidu_image_search_cf9f03c9-2367-41a2-892c-4a19e514e56e.jpg","历史外链；来源权利待核验","","","未核验"
"wuling-cattle","巫陵牛","牛","https://miaoda-site-img.cdn.bcebos.com/images/baidu_image_search_47ea6f3f-7ebe-4dac-a7ae-fc50015e9b9f.jpg","历史外链；来源权利待核验","","","未核验"
"sanjiang-cattle","三江牛","牛","https://miaoda-site-img.cdn.bcebos.com/images/baidu_image_search_6121b524-7e31-45fb-97ab-18d4f10e4618.jpg","历史外链；来源权利待核验","","","未核验"
"xuwen-cattle","徐闻牛","牛","https://miaoda-site-img.cdn.bcebos.com/images/baidu_image_search_44114d54-8fbc-45fa-bed4-63342de76f01.jpg","历史外链；来源权利待核验","","","未核验"
"minnan-cattle","闽南牛","牛","https://miaoda-site-img.cdn.bcebos.com/images/baidu_image_search_4680a7e4-cd86-49bb-8d72-8689be60801f.jpg","历史外链；来源权利待核验","","","未核验"
"guangling-dawei-sheep","广灵大尾羊","羊","https://miaoda-site-img.cdn.bcebos.com/images/baidu_image_search_8d191554-19a3-4dcd-a865-52c8514c02d4.jpg","历史外链；来源权利待核验","","","未核验"
"minxian-black-sheep","岷县黑裘皮羊","羊","https://miaoda-site-img.cdn.bcebos.com/images/baidu_image_search_6a27f3d5-89d4-483f-95c0-0e9cc0a4ce03.jpg","历史外链；来源权利待核验","","","未核验"
"taihang-fur-sheep","太行裘皮羊","羊","https://miaoda-site-img.cdn.bcebos.com/images/MiaoTu_2003bbc1-d47b-4b4b-8b88-6c2cd185656f.jpg","历史外链；来源权利待核验","","","未核验"
"guide-black-sheep","贵德黑裘皮羊","羊","https://miaoda-site-img.cdn.bcebos.com/images/baidu_image_search_e8bc5258-06f8-44cf-9a01-164792fc7c51.jpg","历史外链；来源权利待核验","","","未核验"
"chengde-hornless-goat","承德无角山羊","羊","https://miaoda-site-img.cdn.bcebos.com/images/baidu_image_search_61ad1d4e-59f7-4e7a-8ddd-2683ae307e67.jpg","历史外链；来源权利待核验","","","未核验"
"lvliang-black-goat","吕梁黑山羊","羊","https://miaoda-site-img.cdn.bcebos.com/images/baidu_image_search_c9eb91a5-fa8b-47da-855c-52fd45c16319.jpg","历史外链；来源权利待核验","","","未核验"
"qianbei-ma-goat","黔北麻羊","羊","https://miaoda-site-img.cdn.bcebos.com/images/baidu_image_search_ac7acd8d-394b-4213-998a-98eb9bf82ad7.jpg","历史外链；来源权利待核验","","","未核验"
"chenghua-pig","成华猪","猪","https://miaoda-site-img.cdn.bcebos.com/images/baidu_image_search_13f994a0-6857-4502-9e0f-b1a5e56405bd.jpg","历史外链；来源权利待核验","","","未核验"
"wujin-pig","乌金猪","猪","https://miaoda-site-img.cdn.bcebos.com/images/baidu_image_search_c724a847-65c5-41a6-82d7-9a1d9d4b7829.jpg","历史外链；来源权利待核验","","","未核验"
"guanling-pig","关岭猪","猪","https://miaoda-site-img.cdn.bcebos.com/images/baidu_image_search_da0fa773-2d05-4bb6-8b93-54c19ba68490.jpg","历史外链；来源权利待核验","","","未核验"
"huanjiang-pig","环江香猪","猪","https://miaoda-site-img.cdn.bcebos.com/images/baidu_image_search_2321cce3-9e61-4cfd-b390-cdf02ab098b8.jpg","历史外链；来源权利待核验","","","未核验"
"jiangkou-pig","江口萝卜猪","猪","https://miaoda-site-img.cdn.bcebos.com/images/baidu_image_search_92cc04b1-6651-4408-8de6-259105cbf685.jpg","历史外链；来源权利待核验","","","未核验"
"qiandong-pig","黔东花猪","猪","https://miaoda-site-img.cdn.bcebos.com/images/baidu_image_search_babe74c3-60e5-4b8d-8214-ad5d46e1ff04.jpg","历史外链；来源权利待核验","","","未核验"
"baixi-pig","白洗猪","猪","https://miaoda-site-img.cdn.bcebos.com/images/baidu_image_search_a98bf53d-b98c-4810-8650-a793ce09685e.jpg","历史外链；来源权利待核验","","","未核验"
"hanjiang-pig","汉江黑猪","猪","https://miaoda-site-img.cdn.bcebos.com/images/baidu_image_search_c1b327be-3a60-4d52-8acf-b53db532ee6d.jpg","历史外链；来源权利待核验","","","未核验"
"mashen-pig","马身猪","猪","https://miaoda-site-img.cdn.bcebos.com/images/baidu_image_search_99f08e91-03d0-4587-86ee-58b54f931a4f.jpg","历史外链；来源权利待核验","","","未核验"
"zao-pig","灶猪","猪","https://miaoda-site-img.cdn.bcebos.com/images/baidu_image_search_6e73069d-0f89-4e3b-9a0a-457a39d0d6ad.jpg","历史外链；来源权利待核验","","","未核验"
"dingyuan-pig","定远猪","猪","https://miaoda-site-img.cdn.bcebos.com/images/baidu_image_search_50f17ab4-c19c-4881-bd7a-29d7fa0096b5.jpg","历史外链；来源权利待核验","","","未核验"
"dongchuan-pig","东串猪","猪","https://miaoda-site-img.cdn.bcebos.com/images/baidu_image_search_82f2deae-c620-4df7-ae86-0fb8a274269d.jpg","历史外链；来源权利待核验","","","未核验"
"jiangqu-pig","姜曲海猪","猪","https://miaoda-site-img.cdn.bcebos.com/images/baidu_image_search_ec958433-d239-4061-a9b6-f16b5a01887a.jpg","历史外链；来源权利待核验","","","未核验"
"erhualian-pig","二花脸猪","猪","https://miaoda-site-img.cdn.bcebos.com/images/baidu_image_search_d1606625-0ee6-41bc-a937-5e6d0e8b36ea.jpg","历史外链；来源权利待核验","","","未核验"
"meishan-pig","梅山猪","猪","https://miaoda-site-img.cdn.bcebos.com/images/baidu_image_search_1e2fb6c7-988c-4467-8801-ecc2ab01402b.jpg","历史外链；来源权利待核验","","","未核验"
"fengjing-pig","枫泾猪","猪","https://miaoda-site-img.cdn.bcebos.com/images/baidu_image_search_f641fd5f-1595-4bdd-a2f3-e901b7c7c452.jpg","历史外链；来源权利待核验","","","未核验"
"jiaxing-pig","嘉兴黑猪","猪","https://miaoda-site-img.cdn.bcebos.com/images/baidu_image_search_38b11797-b2b8-43e9-9f5e-70d841e72467.jpg","历史外链；来源权利待核验","","","未核验"
"shengxian-pig","嵊县花猪","猪","https://miaoda-site-img.cdn.bcebos.com/images/baidu_image_search_5cbc0088-80e7-4da4-98ba-ccb348de97be.jpg","历史外链；来源权利待核验","","","未核验"
"lanxi-pig","兰溪花猪","猪","https://miaoda-site-img.cdn.bcebos.com/images/baidu_image_search_29e6046a-e65b-4770-8544-46484199a3e6.jpg","历史外链；来源权利待核验","","","未核验"
"bihu-pig","碧湖猪","猪","https://miaoda-site-img.cdn.bcebos.com/images/baidu_image_search_6b7035c4-4c20-49b5-afc5-a7e44369377f.jpg","历史外链；来源权利待核验","","","未核验"
"putian-pig","蒲田猪","猪","https://miaoda-site-img.cdn.bcebos.com/images/baidu_image_search_99571af2-266f-4d9a-b79e-fcad492c8085.jpg","历史外链；来源权利待核验","","","未核验"
"minbei-pig","闽北花猪","猪","https://miaoda-site-img.cdn.bcebos.com/images/baidu_image_search_cb239ad5-c29f-4ef5-b9ea-33e47fdb55ca.jpg","历史外链；来源权利待核验","","","未核验"
"longlin-pig","隆林猪","猪","https://miaoda-site-img.cdn.bcebos.com/images/baidu_image_search_473faff3-5e55-4207-b393-ec0258141172.jpg","历史外链；来源权利待核验","","","未核验"
"putian-black-pig","莆田黑猪","猪","https://miaoda-site-img.cdn.bcebos.com/images/baidu_image_search_a9e17b7a-d777-4bb3-acf8-0ccd9bf895ca.jpg","历史外链；来源权利待核验","","","未核验"
"wulian-pig","五莲黑猪","猪","https://miaoda-site-img.cdn.bcebos.com/images/baidu_image_search_bf6fed7b-6101-412a-bb77-53b79b29d27b.jpg","历史外链；来源权利待核验","","","未核验"
"laiwu-pig","莱芜猪","猪","https://miaoda-site-img.cdn.bcebos.com/images/baidu_image_search_66a23d1d-7d95-457e-9695-82a416f28c16.jpg","历史外链；来源权利待核验","","","未核验"
"huzhu-pig","互助猪","猪","https://miaoda-site-img.cdn.bcebos.com/images/baidu_image_search_f8ebd61a-0f44-4f3f-a449-ba1a7860a3af.jpg","历史外链；来源权利待核验","","","未核验"
"hezuo-pig","合作猪","猪","https://miaoda-site-img.cdn.bcebos.com/images/baidu_image_search_ea0246b3-4b29-4950-a61b-4ba8bbe5dddf.jpg","历史外链；来源权利待核验","","","未核验"
"diqing-pig","迪庆藏猪","猪","https://miaoda-site-img.cdn.bcebos.com/images/baidu_image_search_e72993ef-6663-4e43-98a8-bdabc077672b.jpg","历史外链；来源权利待核验","","","未核验"
"tongcheng-pig","通城猪","猪","https://miaoda-site-img.cdn.bcebos.com/images/baidu_image_search_a6c52fa5-9e25-43c4-98f4-88df18f2153e.jpg","历史外链；来源权利待核验","","","未核验"
"jianli-pig","监利猪","猪","https://miaoda-site-img.cdn.bcebos.com/images/baidu_image_search_f0476c89-514a-4ba8-89a2-f21c75d35080.jpg","历史外链；来源权利待核验","","","未核验"
"enshi-black-pig","恩施黑猪","猪","https://miaoda-site-img.cdn.bcebos.com/images/baidu_image_search_c8cf6a69-a265-426a-b10a-041c3609135d.jpg","历史外链；来源权利待核验","","","未核验"
"xiangxi-pig","湘西黑猪","猪","https://miaoda-site-img.cdn.bcebos.com/images/baidu_image_search_fbb872b0-bf53-4dbb-87cb-ae1d8bbdecc0.jpg","历史外链；来源权利待核验","","","未核验"
"shawutou-pig","沙乌头猪","猪","https://miaoda-site-img.cdn.bcebos.com/images/baidu_image_search_33621bbd-f4f7-4633-8119-d2af423bb9cd.jpg","历史外链；来源权利待核验","","","未核验"
"huaibei-pig","淮北猪","猪","https://miaoda-site-img.cdn.bcebos.com/images/baidu_image_search_610e831a-594c-4e34-a138-c843ebd09023.jpg","历史外链；来源权利待核验","","","未核验"
"donghai-pig","东海猪","猪","https://miaoda-site-img.cdn.bcebos.com/images/baidu_image_search_c4bee7db-1f3e-4540-b254-83c5a78d13d7.jpg","历史外链；来源权利待核验","","","未核验"
"luxi-cattle","鲁西牛","牛","https://miaoda-site-img.cdn.bcebos.com/images/baidu_image_search_f2d505af-bc76-4d7b-8216-c75f1ad15fe9.jpg","历史外链；来源权利待核验","","","未核验"
"jinan-cattle","冀南牛","牛","https://miaoda-site-img.cdn.bcebos.com/images/baidu_image_search_898a179d-55de-4597-be7f-4945da5538ef.jpg","历史外链；来源权利待核验","","","未核验"
"bashan-cattle","巴山牛","牛","https://miaoda-site-img.cdn.bcebos.com/images/baidu_image_search_75f7e3e0-7a8f-49ae-8ae9-965580976dfa.jpg","历史外链；来源权利待核验","","","未核验"
"leizhou-cattle","雷州牛","牛","https://miaoda-site-img.cdn.bcebos.com/images/baidu_image_search_e75dd538-2a92-4be6-b93d-0658e3ad4d3c.jpg","历史外链；来源权利待核验","","","未核验"
"weizhou-cattle","涠洲牛","牛","https://miaoda-site-img.cdn.bcebos.com/images/baidu_image_search_d7cefeab-e50e-41ce-9c3c-18fd39f0442c.jpg","历史外链；来源权利待核验","","","未核验"
"longlin-cattle","隆林黄牛","牛","https://miaoda-site-img.cdn.bcebos.com/images/baidu_image_search_c1d5c539-48d6-443f-8c2b-b01c1fe43de9.jpg","历史外链；来源权利待核验","","","未核验"
"qianxi-cattle","黔西黄牛","牛","https://miaoda-site-img.cdn.bcebos.com/images/baidu_image_search_2e4ab52a-1760-4dd9-a133-79a1cd473aea.jpg","历史外链；来源权利待核验","","","未核验"
"weining-cattle","威宁黄牛","牛","https://miaoda-site-img.cdn.bcebos.com/images/baidu_image_search_517d9eff-9dab-48a0-a80d-17b0ad5e1841.jpg","历史外链；来源权利待核验","","","未核验"
"liping-cattle","黎平黄牛","牛","https://miaoda-site-img.cdn.bcebos.com/images/baidu_image_search_40ed6b30-c1ab-4b6d-823b-e877373ad926.jpg","历史外链；来源权利待核验","","","未核验"
"yiling-cattle","夷陵牛","牛","https://miaoda-site-img.cdn.bcebos.com/images/baidu_image_search_39d38452-6d00-421b-ae3d-27ec08870236.jpg","历史外链；来源权利待核验","","","未核验"
"zaobei-cattle","枣北牛","牛","https://miaoda-site-img.cdn.bcebos.com/images/baidu_image_search_6ade1273-9888-4b5a-90c3-3bb42f98721e.jpg","历史外链；来源权利待核验","","","未核验"
"enshi-cattle","恩施黄牛","牛","https://miaoda-site-img.cdn.bcebos.com/images/baidu_image_search_a71a279f-de15-42bd-b5a2-3feef704a1a3.jpg","历史外链；来源权利待核验","","","未核验"
"yunba-cattle","郧巴牛","牛","https://miaoda-site-img.cdn.bcebos.com/images/baidu_image_search_75e24812-e3ca-4f8f-8caa-308233acf7ad.jpg","历史外链；来源权利待核验","","","未核验"
"wannan-cattle","皖南牛","牛","https://miaoda-site-img.cdn.bcebos.com/images/baidu_image_search_bfb959ed-f944-4e26-a83a-9796a05887a5.jpg","历史外链；来源权利待核验","","","未核验"
"zhoushan-cattle","舟山牛","牛","https://miaoda-site-img.cdn.bcebos.com/images/baidu_image_search_1a395882-41c1-4d07-944b-2e893ae62e5b.jpg","历史外链；来源权利待核验","","","未核验"
"fuan-cattle","福安牛","牛","https://miaoda-site-img.cdn.bcebos.com/images/baidu_image_search_6cb41b45-c927-4ac4-a413-ede1a0d61cd5.jpg","历史外链；来源权利待核验","","","未核验"
"ganxi-cattle","赣西牛","牛","https://miaoda-site-img.cdn.bcebos.com/images/baidu_image_search_9bd9f0df-ccda-45fe-8012-1dc83d8b74ae.jpg","历史外链；来源权利待核验","","","未核验"
"jinjiang-cattle","锦江牛","牛","https://miaoda-site-img.cdn.bcebos.com/images/baidu_image_search_97546e8e-a8e5-42af-bae8-9f8e6d275bfe.jpg","历史外链；来源权利待核验","","","未核验"
"linjiang-cattle","临江牛","牛","https://miaoda-site-img.cdn.bcebos.com/images/baidu_image_search_07203e1d-b506-4da8-b438-0ea31c1fbde4.jpg","历史外链；来源权利待核验","","","未核验"
"anxi-cattle","安西牛","牛","https://miaoda-site-img.cdn.bcebos.com/images/baidu_image_search_556e2b06-046b-4fd8-bdbf-e6df49220b93.jpg","历史外链；来源权利待核验","","","未核验"
"zaosheng-cattle","早胜牛","牛","https://miaoda-site-img.cdn.bcebos.com/images/baidu_image_search_fb1cc072-0708-4abc-b400-2d791d0e7179.jpg","历史外链；来源权利待核验","","","未核验"
"xiajiang-cattle","峡江牛","牛","https://miaoda-site-img.cdn.bcebos.com/images/baidu_image_search_b52723f0-9110-4e4f-b6a4-57a449b10b71.jpg","历史外链；来源权利待核验","","","未核验"
"guizhou-buffalo","贵州水牛","牛","https://miaoda-site-img.cdn.bcebos.com/images/baidu_image_search_c809786b-7b18-41e7-bfb2-f634359bf60c.jpg","历史外链；来源权利待核验","","","未核验"
"binhu-buffalo","滨湖水牛","牛","https://miaoda-site-img.cdn.bcebos.com/images/baidu_image_search_b8966acf-1d26-4170-8f52-18256f63db91.jpg","历史外链；来源权利待核验","","","未核验"
"jianghan-buffalo","江汉水牛","牛","https://miaoda-site-img.cdn.bcebos.com/images/baidu_image_search_1f81581b-a521-44c7-9fc5-20185d6c5050.jpg","历史外链；来源权利待核验","","","未核验"
"dechang-buffalo","德昌水牛","牛","https://miaoda-site-img.cdn.bcebos.com/images/baidu_image_search_a0a0be40-f5dd-491c-ac4c-4648f218aac8.jpg","历史外链；来源权利待核验","","","未核验"
"haizi-buffalo","海子水牛","牛","https://miaoda-site-img.cdn.bcebos.com/images/baidu_image_search_432977e4-ae16-4f6b-888e-bff777f8e7f1.jpg","历史外链；来源权利待核验","","","未核验"
"dongliu-buffalo","东流水牛","牛","https://miaoda-site-img.cdn.bcebos.com/images/baidu_image_search_8996bb95-f413-4310-9c4f-7aff6793c1e9.jpg","历史外链；来源权利待核验","","","未核验"
"wenzhou-buffalo","温州水牛","牛","https://miaoda-site-img.cdn.bcebos.com/images/baidu_image_search_ecb8f816-c7a8-42dd-8391-7c839da4efae.jpg","历史外链；来源权利待核验","","","未核验"
"xilin-buffalo","西林水牛","牛","https://miaoda-site-img.cdn.bcebos.com/images/baidu_image_search_e06b0628-dfaa-4658-8784-831b14aa25ee.jpg","历史外链；来源权利待核验","","","未核验"
"xinglong-buffalo","兴隆水牛","牛","https://miaoda-site-img.cdn.bcebos.com/images/baidu_image_search_3be39039-c7ff-4dfe-bec2-56d7f7c5cee7.jpg","历史外链；来源权利待核验","","","未核验"
"xizang-sheep","西藏羊","羊","https://miaoda-site-img.cdn.bcebos.com/images/baidu_image_search_30c40562-d259-44c8-b257-bee76f6fefe6.jpg","历史外链；来源权利待核验","","","未核验"
"aletai-sheep","阿勒泰羊","羊","https://miaoda-site-img.cdn.bcebos.com/images/baidu_image_search_d601057f-d37d-424b-9d93-7f6d75353d5c.jpg","历史外链；来源权利待核验","","","未核验"
"wuzhumuqin-sheep","乌珠穆沁羊","羊","https://miaoda-site-img.cdn.bcebos.com/images/baidu_image_search_4d6ce02b-498e-4ad2-a5f8-7eaddf5dc7e1.jpg","历史外链；来源权利待核验","","","未核验"
"sunite-sheep","苏尼特羊","羊","https://miaoda-site-img.cdn.bcebos.com/images/baidu_image_search_5c5793de-12d8-45de-af6b-e9c943b53e0e.jpg","历史外链；来源权利待核验","","","未核验"
"jinzhong-sheep","晋中绵羊","羊","https://miaoda-site-img.cdn.bcebos.com/images/baidu_image_search_31234953-f161-416f-8736-cd20f7ee0a30.jpg","历史外链；来源权利待核验","","","未核验"
"hanzhong-sheep","汉中绵羊","羊","https://miaoda-site-img.cdn.bcebos.com/images/baidu_image_search_a580b4fc-cf63-4995-9d61-9a80f9ec3d15.jpg","历史外链；来源权利待核验","","","未核验"
"bayinbuluke-sheep","巴音布鲁克羊","羊","https://miaoda-site-img.cdn.bcebos.com/images/baidu_image_search_a51504e2-3638-46d2-9055-a23cd37e4cde.jpg","历史外链；来源权利待核验","","","未核验"
"cele-sheep","策勒黑羊","羊","https://miaoda-site-img.cdn.bcebos.com/images/baidu_image_search_314293e8-4e74-46d5-be84-b629bfad90bc.jpg","历史外链；来源权利待核验","","","未核验"
"yecheng-sheep","叶城羊","羊","https://miaoda-site-img.cdn.bcebos.com/images/baidu_image_search_492327dc-7e50-4dc1-a2ae-bfb39c31d450.jpg","历史外链；来源权利待核验","","","未核验"
"tashkurgan-sheep","塔什库尔干羊","羊","https://miaoda-site-img.cdn.bcebos.com/images/baidu_image_search_a2bb4ffb-8c57-4590-8336-c75382ebbf89.jpg","历史外链；来源权利待核验","","","未核验"
"wuranke-sheep","乌冉克羊","羊","https://miaoda-site-img.cdn.bcebos.com/images/baidu_image_search_d66e5b80-8241-4405-a04d-fc7140bfb227.jpg","历史外链；来源权利待核验","","","未核验"
"hulunbeier-sheep","呼伦贝尔羊","羊","https://miaoda-site-img.cdn.bcebos.com/images/baidu_image_search_48361dad-3404-40ca-b47e-bd3bd05467b5.jpg","历史外链；来源权利待核验","","","未核验"
"oula-sheep","欧拉羊","羊","https://miaoda-site-img.cdn.bcebos.com/images/baidu_image_search_2451a65f-826d-4500-b201-4fd0c4168630.jpg","历史外链；来源权利待核验","","","未核验"
"qiaoke-sheep","乔科羊","羊","https://miaoda-site-img.cdn.bcebos.com/images/baidu_image_search_a794a6a4-c29c-479b-97a2-30afbfddb3c0.jpg","历史外链；来源权利待核验","","","未核验"
"tanhan-sheep","滩寒羊","羊","https://miaoda-site-img.cdn.bcebos.com/images/baidu_image_search_21f963a3-8273-4328-bb8e-29b10b0d54fb.jpg","历史外链；来源权利待核验","","","未核验"
"banjiao-goat","板角山羊","羊","https://miaoda-site-img.cdn.bcebos.com/images/baidu_image_search_2d077c4e-a5bc-4941-b73f-5500c2d03cf6.jpg","历史外链；来源权利待核验","","","未核验"
"gulin-goat","古蔺马羊","羊","https://miaoda-site-img.cdn.bcebos.com/images/baidu_image_search_c54a35a6-6733-4090-a02c-d7f0af0cfa08.jpg","历史外链；来源权利待核验","","","未核验"
"beichuan-goat","北川白山羊","羊","https://miaoda-site-img.cdn.bcebos.com/images/baidu_image_search_d0062d02-1e9e-407d-bffc-022f96d739de.jpg","历史外链；来源权利待核验","","","未核验"
"jianyang-goat","简阳大耳羊","羊","https://miaoda-site-img.cdn.bcebos.com/images/baidu_image_search_94b175f5-8627-4489-aca8-8756637cb947.jpg","历史外链；来源权利待核验","","","未核验"
"guishan-goat","圭山山羊","羊","https://miaoda-site-img.cdn.bcebos.com/images/baidu_image_search_6c64d8d7-19e4-455c-ba8d-c8c6d0e151d3.jpg","历史外链；来源权利待核验","","","未核验"
"zhaotong-goat","昭通山羊","羊","https://miaoda-site-img.cdn.bcebos.com/images/baidu_image_search_0c8fd8fd-2d0f-4f80-9b99-3deaa7b684ab.jpg","历史外链；来源权利待核验","","","未核验"
"longling-goat","龙陵黄山羊","羊","https://miaoda-site-img.cdn.bcebos.com/images/baidu_image_search_3ae178dc-af42-40c1-a9ae-28f891723b52.jpg","历史外链；来源权利待核验","","","未核验"
"fengqing-goat","凤庆黑山羊","羊","https://miaoda-site-img.cdn.bcebos.com/images/baidu_image_search_4477127e-ee7d-4b0d-a13f-41fc2897f4ec.jpg","历史外链；来源权利待核验","","","未核验"
"yichang-goat","宜昌白山羊","羊","https://miaoda-site-img.cdn.bcebos.com/images/baidu_image_search_801a115d-b2e2-486c-af83-09a9217b9a17.jpg","历史外链；来源权利待核验","","","未核验"
"wuxue-goat","武雪山羊","羊","https://miaoda-site-img.cdn.bcebos.com/images/baidu_image_search_bf194908-9129-4bd9-9d2a-82e565c90e5f.jpg","历史外链；来源权利待核验","","","未核验"
"xiangdong-goat","湘东黑山羊","羊","https://miaoda-site-img.cdn.bcebos.com/images/baidu_image_search_cdee3653-80b4-4202-8ec0-b4d9f4879385.jpg","历史外链；来源权利待核验","","","未核验"
"gannan-goat","赣南山羊","羊","https://miaoda-site-img.cdn.bcebos.com/images/baidu_image_search_330208a8-5dfe-472c-8b76-923f5eaeb717.jpg","历史外链；来源权利待核验","","","未核验"
"guangfeng-goat","广丰山羊","羊","https://miaoda-site-img.cdn.bcebos.com/images/baidu_image_search_1b3b6ffd-e8e5-4349-9f2f-a12e214b869e.jpg","历史外链；来源权利待核验","","","未核验"
"haimen-goat","海门山羊","羊","https://miaoda-site-img.cdn.bcebos.com/images/baidu_image_search_400f6e3f-25b3-498c-a943-6c568ffc04e4.jpg","历史外链；来源权利待核验","","","未核验"
"fuqing-goat","福清山羊","羊","https://miaoda-site-img.cdn.bcebos.com/images/baidu_image_search_aff9ee1e-9b65-40f3-af7e-47db87f2b2c3.jpg","历史外链；来源权利待核验","","","未核验"
"daiyun-goat","戴云山羊","羊","https://miaoda-site-img.cdn.bcebos.com/images/baidu_image_search_b84b9571-234a-44e6-9084-5f14f3bbf418.jpg","历史外链；来源权利待核验","","","未核验"
"putian-goat","莆田黑山羊","羊","https://miaoda-site-img.cdn.bcebos.com/images/baidu_image_search_6f7c6d38-67d7-426b-8385-2ea72fc02d10.jpg","历史外链；来源权利待核验","","","未核验"
"luodian-goat","罗甸黑山羊","羊","https://miaoda-site-img.cdn.bcebos.com/images/baidu_image_search_03a1a304-2077-4e00-be03-e5a569d49d5a.jpg","历史外链；来源权利待核验","","","未核验"
"duan-goat","都安山羊","羊","https://miaoda-site-img.cdn.bcebos.com/images/baidu_image_search_94e578a9-6aca-4d44-8276-6da4a59b5c59.jpg","历史外链；来源权利待核验","","","未核验"
"leizhou-goat","雷州山羊","羊","https://miaoda-site-img.cdn.bcebos.com/images/baidu_image_search_dc6ea405-f20e-43f9-92dc-b65b6ee2eb18.jpg","历史外链；来源权利待核验","","","未核验"
"huaihe-goat","黄淮山羊","羊","https://miaoda-site-img.cdn.bcebos.com/images/baidu_image_search_43635698-cb1d-43cd-913a-b27647e2f3fa.jpg","历史外链；来源权利待核验","","","未核验"
"huai-goat","槐山羊","羊","https://miaoda-site-img.cdn.bcebos.com/images/baidu_image_search_af3df486-a98a-4a3f-9ae7-92dcc92231f8.jpg","历史外链；来源权利待核验","","","未核验"
"funiu-goat","伏牛白山羊","羊","https://miaoda-site-img.cdn.bcebos.com/images/baidu_image_search_4e43df0b-fff2-46b6-a4f3-295baa0c00fa.jpg","历史外链；来源权利待核验","","","未核验"
"ziwuling-goat","子午岭黑山羊","羊","https://miaoda-site-img.cdn.bcebos.com/images/baidu_image_search_df226911-70e3-4aca-9349-c5ed0ea9d8ef.jpg","历史外链；来源权利待核验","","","未核验"
"qiandongnan-goat","黔东南白山羊","羊","https://miaoda-site-img.cdn.bcebos.com/images/baidu_image_search_bfdc8319-9888-4d93-a2fa-0864f3b26a79.jpg","历史外链；来源权利待核验","","","未核验"
"taihe-chicken","泰和乌骨鸡","鸡","https://miaoda-site-img.cdn.bcebos.com/images/baidu_image_search_d90d457f-a73c-4177-a170-81bb1f10ab4a.jpg","历史外链；来源权利待核验","","","未核验"
"liyang-chicken","溧阳鸡","鸡","https://miaoda-site-img.cdn.bcebos.com/images/baidu_image_search_5a9df1a5-c602-406b-a73e-ebe69fdeb4a2.jpg","历史外链；来源权利待核验","","","未核验"
"jinan-chicken","济宁百日鸡","鸡","https://miaoda-site-img.cdn.bcebos.com/images/baidu_image_search_36ed25af-054b-4fde-8980-b3cafb8dd7c9.jpg","历史外链；来源权利待核验","","","未核验"
"wenchang-chicken","文昌鸡","鸡","https://miaoda-site-img.cdn.bcebos.com/images/baidu_image_search_0d046b65-268f-468a-a21f-8e2561aba034.jpg","历史外链；来源权利待核验","","","未核验"
"wuding-chicken","武定鸡","鸡","https://miaoda-site-img.cdn.bcebos.com/images/baidu_image_search_93688dba-2106-4601-af6f-75101628569f.jpg","历史外链；来源权利待核验","","","未核验"
"chuxiong-chicken","楚雄鸡","鸡","https://miaoda-site-img.cdn.bcebos.com/images/baidu_image_search_5849bf04-958f-4914-8fe5-0a19e1f4d921.jpg","历史外链；来源权利待核验","","","未核验"
"weining-chicken","威宁鸡","鸡","https://miaoda-site-img.cdn.bcebos.com/images/baidu_image_search_ed112c01-c812-42a3-a26f-59ca251d2764.jpg","历史外链；来源权利待核验","","","未核验"
"beijing-duck","北京鸭","鸭","https://miaoda-site-img.cdn.bcebos.com/images/baidu_image_search_59750567-e1c6-476c-84cb-b74544c663a5.jpg","历史外链；来源权利待核验","","","未核验"
"chaohu-duck","巢湖鸭","鸭","https://miaoda-site-img.cdn.bcebos.com/images/baidu_image_search_78eea9f1-9609-481a-992b-5b60d0748f3e.jpg","历史外链；来源权利待核验","","","未核验"
"shanma-duck","龙岩山麻鸭","鸭","https://miaoda-site-img.cdn.bcebos.com/images/baidu_image_search_4ebdb588-419c-4469-a628-98ee6238c923.jpg","历史外链；来源权利待核验","","","未核验"
"sanshui-duck","三穗鸭","鸭","https://miaoda-site-img.cdn.bcebos.com/images/baidu_image_search_b54d0603-0cb3-4032-8b35-4d395f66adfc.jpg","历史外链；来源权利待核验","","","未核验"
"linwu-duck","临武鸭","鸭","https://miaoda-site-img.cdn.bcebos.com/images/baidu_image_search_ac1c2a66-d7bb-4d7d-bd13-48a74fc026b1.jpg","历史外链；来源权利待核验","","","未核验"
"taihu-goose","太湖鹅","鸭","https://miaoda-site-img.cdn.bcebos.com/images/baidu_image_search_daacea17-8884-4c77-93da-6847388dacbb.jpg","历史外链；来源权利待核验","","","未核验"
"sichuan-goose","四川白鹅","鸭","https://miaoda-site-img.cdn.bcebos.com/images/baidu_image_search_3e1f1de9-8251-471f-a5b1-e79231b3317c.jpg","历史外链；来源权利待核验","","","未核验"
"hasake-horse","哈萨克马","马","https://miaoda-site-img.cdn.bcebos.com/images/baidu_image_search_83f3950c-da67-42ff-a763-ef5b277e3b7b.jpg","历史外链；来源权利待核验","","","未核验"
"jiami-donkey","佳米驴","其他","https://miaoda-site-img.cdn.bcebos.com/images/baidu_image_search_864623bb-c4f9-42c9-8d30-474ee72f746b.jpg","历史外链；来源权利待核验","","","未核验"
"guangling-donkey","广灵驴","其他","https://miaoda-site-img.cdn.bcebos.com/images/baidu_image_search_bfe22f20-4226-4da5-8394-0356d8188829.jpg","历史外链；来源权利待核验","","","未核验"
"biyang-donkey","泌阳驴","其他","https://miaoda-site-img.cdn.bcebos.com/images/baidu_image_search_1d5f0212-f74d-47b1-a0ad-b9e42313c78e.jpg","历史外链；来源权利待核验","","","未核验"
"minxi-rabbit","闽西南黑兔","兔","https://miaoda-site-img.cdn.bcebos.com/images/baidu_image_search_7d38ff58-493c-4ff4-863e-5027fb0c12f9.jpg","历史外链；来源权利待核验","","","未核验"
"wanzai-rabbit","万载兔","兔","https://miaoda-site-img.cdn.bcebos.com/images/baidu_image_search_359bf8f9-a9d4-41e0-add2-546d2c758cb7.jpg","历史外链；来源权利待核验","","","未核验"
"jiuyi-rabbit","九疑山兔","兔","https://miaoda-site-img.cdn.bcebos.com/images/baidu_image_search_4d430f4a-de28-44d8-bd01-2847b65d99da.jpg","历史外链；来源权利待核验","","","未核验"
"talim-pigeon","塔里木鸽","鸽","https://miaoda-site-img.cdn.bcebos.com/images/baidu_image_search_46169007-6149-4b1e-a59d-4c1c3ec115d9.jpg","历史外链；来源权利待核验","","","未核验"
"datong-yak","大通牦牛","牛","https://miaoda-site-img.cdn.bcebos.com/images/baidu_image_search_f1df2403-ddbf-4bac-b83f-9d55a71d509c.jpg","历史外链；来源权利待核验","","","未核验"
"huanhu-yak","环湖牦牛","牛","https://miaoda-site-img.cdn.bcebos.com/images/baidu_image_search_aa66f43a-ff72-4726-8253-38358700b94d.jpg","历史外链；来源权利待核验","","","未核验"
"gaoyuan-yak","高原牦牛","牛","https://miaoda-site-img.cdn.bcebos.com/images/baidu_image_search_0631090a-f73b-4cb0-9d52-c32b429a14d0.jpg","历史外链；来源权利待核验","","","未核验"
"menyuan-horse","门源马","马","https://miaoda-site-img.cdn.bcebos.com/images/baidu_image_search_1b9ba1c7-4b66-49cf-b413-153557e73ddc.jpg","历史外链；来源权利待核验","","","未核验"
"chaidamu-goat","柴达木山羊","羊","https://miaoda-site-img.cdn.bcebos.com/images/baidu_image_search_c74f5565-a480-4e6d-99c3-b6687df93c75.jpg","历史外链；来源权利待核验","","","未核验"
"qinghai-black-sheep","青海黑藏羊","羊","https://miaoda-site-img.cdn.bcebos.com/images/baidu_image_search_15ad78c5-1eb4-49a6-8cda-899d9867d096.jpg","历史外链；来源权利待核验","","","未核验"
"qinghai-semifine-sheep","青海半细毛羊","羊","https://miaoda-site-img.cdn.bcebos.com/images/baidu_image_search_15f739b4-cd51-4a9a-a3ac-134449bd46bc.jpg","历史外链；来源权利待核验","","","未核验"
"pali-yak","帕里牦牛","牛","https://miaoda-site-img.cdn.bcebos.com/images/baidu_image_search_e7c410c5-ad1a-4aee-bfa0-bcfb8514e2ec.jpg","历史外链；来源权利待核验","","","未核验"
"sangsang-yak","桑桑牦牛","牛","https://miaoda-site-img.cdn.bcebos.com/images/baidu_image_search_0bb040f2-7fe8-4aa3-bb78-91c54a5ccfdd.jpg","历史外链；来源权利待核验","","","未核验"
"kangbu-yak","康布牦牛","牛","https://miaoda-site-img.cdn.bcebos.com/images/baidu_image_search_0a4a621b-89d7-41a1-bc82-241246940f5c.jpg","历史外链；来源权利待核验","","","未核验"
"caodi-tibetan-sheep","草地型藏羊","羊","https://miaoda-site-img.cdn.bcebos.com/images/baidu_image_search_66a010e7-d9bc-4b44-8265-f141292d1c58.jpg","历史外链；来源权利待核验","","","未核验"
"shangu-tibetan-sheep","山谷型藏羊","羊","https://miaoda-site-img.cdn.bcebos.com/images/baidu_image_search_ce38594d-f1eb-4a96-bdc8-ecfbd9637547.jpg","历史外链；来源权利待核验","","","未核验"
"linzhi-tibetan-pig","林芝藏猪","猪","https://miaoda-site-img.cdn.bcebos.com/images/baidu_image_search_c2da0ccc-fc55-4d51-9d6b-0e6ccc0d2848.jpg","历史外链；来源权利待核验","","","未核验"
"tibetan-donkey","西藏驴","其他","https://miaoda-site-img.cdn.bcebos.com/images/baidu_image_search_47b35128-c384-4cb5-b13e-ea5ecbc24fb7.jpg","历史外链；来源权利待核验","","","未核验"
"tibetan-goat","西藏山羊","羊","https://miaoda-site-img.cdn.bcebos.com/images/baidu_image_search_88defa2b-b029-41e6-93d7-a72e9fd6e541.jpg","历史外链；来源权利待核验","","","未核验"
"turpan-chicken","吐鲁番鸡","鸡","https://miaoda-site-img.cdn.bcebos.com/images/baidu_image_search_8b3fbf24-eedd-4e13-ad1b-5840b9e1061e.jpg","历史外链；来源权利待核验","","","未核验"
"xinjiang-donkey","新疆驴","其他","https://miaoda-site-img.cdn.bcebos.com/images/baidu_image_search_dd7c5c60-39e1-444c-ab9e-b43f5fe6078b.jpg","历史外链；来源权利待核验","","","未核验"
"hexi-cashmere-goat","河西绒山羊","羊","https://miaoda-site-img.cdn.bcebos.com/images/baidu_image_search_dfdb89f2-29cc-4947-a461-f2097094d506.jpg","历史外链；来源权利待核验","","","未核验"
"longdong-black-goat","陇东黑山羊","羊","https://miaoda-site-img.cdn.bcebos.com/images/baidu_image_search_1c671b62-8233-40d3-857b-bb0b26fc9229.jpg","历史外链；来源权利待核验","","","未核验"
"shandan-horse","山丹马","马","https://miaoda-site-img.cdn.bcebos.com/images/baidu_image_search_1eb8e383-7f15-49ab-967a-f17b6dabaf75.jpg","历史外链；来源权利待核验","","","未核验"
"xiji-donkey","西吉驴","其他","https://miaoda-site-img.cdn.bcebos.com/images/baidu_image_search_1bc19926-bcdf-45f5-af43-ae7a951fc0cd.jpg","历史外链；来源权利待核验","","","未核验"
"jingyuan-cattle","泾源牛","牛","https://miaoda-site-img.cdn.bcebos.com/images/baidu_image_search_30ba90fe-2b78-45db-a0f3-6c1b82dc84ef.jpg","历史外链；来源权利待核验","","","未核验"
"dahe-pig","大河猪","猪","https://miaoda-site-img.cdn.bcebos.com/images/baidu_image_search_b949fb8d-25ea-46a0-9dce-85f54cc07f8d.jpg","历史外链；来源权利待核验","","","未核验"
"yunnan-semifine-sheep","云南半细毛羊","羊","https://miaoda-site-img.cdn.bcebos.com/images/baidu_image_search_677dd01f-b0b4-4e7f-9621-b12c382de3fb.jpg","历史外链；来源权利待核验","","","未核验"
"banna-mini-pig","版纳微型猪","猪","https://miaoda-site-img.cdn.bcebos.com/images/baidu_image_search_e14b13aa-1e48-4c0f-9f01-8ed5a9a46da3.jpg","历史外链；来源权利待核验","","","未核验"
"yunling-goat","云岭山羊","羊","https://miaoda-site-img.cdn.bcebos.com/images/baidu_image_search_df068df5-57be-4f8e-9988-fb93a7f71deb.jpg","历史外链；来源权利待核验","","","未核验"
"guanling-cattle","关岭牛","牛","https://miaoda-site-img.cdn.bcebos.com/images/baidu_image_search_31c584ee-eec3-47e2-9207-611dae5a484d.jpg","历史外链；来源权利待核验","","","未核验"
"guizhou-white-goat","贵州白山羊","羊","https://miaoda-site-img.cdn.bcebos.com/images/baidu_image_search_afc52b2b-8b9d-4178-9875-c15b9eb340bd.jpg","历史外链；来源权利待核验","","","未核验"
"guizhou-black-goat","贵州黑山羊","羊","https://miaoda-site-img.cdn.bcebos.com/images/baidu_image_search_c674eb5b-23ae-4c3c-a810-f92fcbcef37f.jpg","历史外链；来源权利待核验","","","未核验"
"congjiang-fragrant-pig","从江香猪","猪","https://miaoda-site-img.cdn.bcebos.com/images/baidu_image_search_531739e7-0285-41dd-a9dc-c44fb8d75295.jpg","历史外链；来源权利待核验","","","未核验"
"qiandongnan-chicken","黔东南小香鸡","鸡","https://miaoda-site-img.cdn.bcebos.com/images/baidu_image_search_943e1f27-5a89-47f2-b57b-066b617292dd.jpg","历史外链；来源权利待核验","","","未核验"
"ganzi-tibetan-pig","甘孜藏猪","猪","https://miaoda-site-img.cdn.bcebos.com/images/baidu_image_search_4a97195e-4d30-490e-8ccf-a966dc432fe0.jpg","历史外链；来源权利待核验","","","未核验"
"liangshan-pig","凉山猪","猪","https://miaoda-site-img.cdn.bcebos.com/images/baidu_image_search_1b015f0d-d010-4c41-afe6-42ab448e5184.jpg","历史外链；来源权利待核验","","","未核验"
"emei-black-chicken","峨眉黑鸡","鸡","https://miaoda-site-img.cdn.bcebos.com/images/baidu_image_search_b8afa3ea-bde8-48bc-9100-51dcb5f1b65f.jpg","历史外链；来源权利待核验","","","未核验"
"pengxian-yellow-chicken","彭县黄鸡","鸡","https://miaoda-site-img.cdn.bcebos.com/images/baidu_image_search_a2d85402-76c5-43fc-a516-07f05e0c5526.jpg","历史外链；来源权利待核验","","","未核验"
"jiulong-yak","九龙牦牛","牛","https://miaoda-site-img.cdn.bcebos.com/images/baidu_image_search_40204201-c0fc-4a2e-ad21-0bed508a06cf.jpg","历史外链；来源权利待核验","","","未核验"
"maihua-yak","麦洼牦牛","牛","https://miaoda-site-img.cdn.bcebos.com/images/baidu_image_search_41d17842-4924-49cd-a392-e85ff77c461c.jpg","历史外链；来源权利待核验","","","未核验"
"muli-yak","木里牦牛","牛","https://miaoda-site-img.cdn.bcebos.com/images/baidu_image_search_43a9dfef-3b5a-4a8f-ba5b-8753c461e752.jpg","历史外链；来源权利待核验","","","未核验"
"dehong-buffalo","德宏水牛","牛","https://miaoda-site-img.cdn.bcebos.com/images/baidu_image_search_e9768823-d663-406a-b8c8-08d9b145a62e.jpg","历史外链；来源权利待核验","","","未核验"
"fuling-buffalo","涪陵水牛","牛","https://miaoda-site-img.cdn.bcebos.com/images/baidu_image_search_dc5c1580-d123-4a37-941a-88f124aa0d81.jpg","历史外链；来源权利待核验","","","未核验"
"yanjin-silky-chicken","盐津乌骨鸡","鸡","https://miaoda-site-img.cdn.bcebos.com/images/baidu_image_search_a9f1690e-9525-46a1-b92e-e85b2ac6a3e7.jpg","历史外链；来源权利待核验","","","未核验"
"puge-chicken","普格鸡","鸡","https://miaoda-site-img.cdn.bcebos.com/images/baidu_image_search_77328cd9-cb7c-489b-854b-246d1daa9946.jpg","历史外链；来源权利待核验","","","未核验"
"nixi-chicken","尼西鸡","鸡","https://miaoda-site-img.cdn.bcebos.com/images/baidu_image_search_fb3524cb-ad20-45e2-922f-cfd22bc3b2bb.jpg","历史外链；来源权利待核验","","","未核验"
"xingyi-duck","兴义鸭","鸭","https://miaoda-site-img.cdn.bcebos.com/images/baidu_image_search_9a4f0d74-a424-4d65-baaa-0f02c939dbec.jpg","历史外链；来源权利待核验","","","未核验"
"jingxi-cattle","靖西黄牛","牛","https://miaoda-site-img.cdn.bcebos.com/images/baidu_image_search_137c82d0-a181-467c-ad00-1a73954824cb.jpg","历史外链；来源权利待核验","","","未核验"
"xiangnan-cattle","湘南黄牛","牛","https://miaoda-site-img.cdn.bcebos.com/images/baidu_image_search_3bfe0dba-b9f4-4dfb-8fcc-0e52eb9f8ba5.jpg","历史外链；来源权利待核验","","","未核验"
"jianghan-cattle","江汉黄牛","牛","https://miaoda-site-img.cdn.bcebos.com/images/baidu_image_search_d11888df-16dd-462d-9d1c-28a678ccc840.jpg","历史外链；来源权利待核验","","","未核验"
"jianghua-cattle","江华牛","牛","https://miaoda-site-img.cdn.bcebos.com/images/baidu_image_search_5ea5e854-9a4e-4a75-80e7-57e0d3e74508.jpg","历史外链；来源权利待核验","","","未核验"
"linwu-cattle","临武黄牛","牛","https://miaoda-site-img.cdn.bcebos.com/images/baidu_image_search_a0f240f4-f453-4937-8ef9-76aee933deae.jpg","历史外链；来源权利待核验","","","未核验"
"lianyuan-cattle","涟源黄牛","牛","https://miaoda-site-img.cdn.bcebos.com/images/baidu_image_search_5c394039-8538-4afd-a050-50a2f91b534d.jpg","历史外链；来源权利待核验","","","未核验"
"xingguo-cattle","兴国黄牛","牛","https://miaoda-site-img.cdn.bcebos.com/images/baidu_image_search_6a6f1d4f-a898-450f-86e1-a67f749346f7.jpg","历史外链；来源权利待核验","","","未核验"
"taihe-cattle","泰和黄牛","牛","https://miaoda-site-img.cdn.bcebos.com/images/baidu_image_search_0c572f16-5c1d-478a-a471-cd6b8977fba5.jpg","历史外链；来源权利待核验","","","未核验"
"yushan-cattle","玉山黄牛","牛","https://miaoda-site-img.cdn.bcebos.com/images/baidu_image_search_6393ab89-def4-460c-8f4a-8009c916968d.jpg","历史外链；来源权利待核验","","","未核验"
"pucheng-cattle","浦城黄牛","牛","https://miaoda-site-img.cdn.bcebos.com/images/baidu_image_search_16ccf492-11aa-43dd-86af-8fd661b1f7ad.jpg","历史外链；来源权利待核验","","","未核验"
"minqing-cattle","闽清黄牛","牛","https://miaoda-site-img.cdn.bcebos.com/images/baidu_image_search_e10d22ef-dea4-440a-9552-f0ccb2ffae50.jpg","历史外链；来源权利待核验","","","未核验"
"yongding-cattle","永定黄牛","牛","https://miaoda-site-img.cdn.bcebos.com/images/baidu_image_search_e8686080-8b9b-492c-8eac-93fe99e2e323.jpg","历史外链；来源权利待核验","","","未核验"
"zhangzhou-cattle","漳州黄牛","牛","https://miaoda-site-img.cdn.bcebos.com/images/baidu_image_search_ca89f453-324a-46e7-ac0f-3bac3c32ab70.jpg","历史外链；来源权利待核验","","","未核验"
"chaozhou-cattle","潮州黄牛","牛","https://miaoda-site-img.cdn.bcebos.com/images/baidu_image_search_ad595864-7a6f-4e18-ba5f-d49c60394050.jpg","历史外链；来源权利待核验","","","未核验"
"shantou-cattle","汕头黄牛","牛","https://miaoda-site-img.cdn.bcebos.com/images/baidu_image_search_6d39de22-0cb6-41f9-bd67-59d06e7c1a3c.jpg","历史外链；来源权利待核验","","","未核验"
"jieyang-cattle","揭阳黄牛","牛","https://miaoda-site-img.cdn.bcebos.com/images/baidu_image_search_c0b81f9e-6099-4911-b52c-a60b9cecbf57.jpg","历史外链；来源权利待核验","","","未核验"
"puning-cattle","普宁黄牛","牛","https://miaoda-site-img.cdn.bcebos.com/images/baidu_image_search_cc2bc348-962e-4774-82cb-67a0275c878e.jpg","历史外链；来源权利待核验","","","未核验"
"haifeng-cattle","海丰黄牛","牛","https://miaoda-site-img.cdn.bcebos.com/images/baidu_image_search_58fa536f-40f0-413a-9550-6684a4917ebb.jpg","历史外链；来源权利待核验","","","未核验"
"lufeng-cattle","陆丰黄牛","牛","https://miaoda-site-img.cdn.bcebos.com/images/baidu_image_search_7b0444db-96f9-4b00-ae75-25fd441e9dcb.jpg","历史外链；来源权利待核验","","","未核验"
"huilai-cattle","惠来黄牛","牛","https://miaoda-site-img.cdn.bcebos.com/images/baidu_image_search_2515fcda-4b09-4b88-b537-2829a20d7e7d.jpg","历史外链；来源权利待核验","","","未核验"
"yangchun-cattle","阳春黄牛","牛","https://miaoda-site-img.cdn.bcebos.com/images/baidu_image_search_421eb30b-04f1-4501-bb1f-49acbc354171.jpg","历史外链；来源权利待核验","","","未核验"
"xinyi-cattle","信宜黄牛","牛","https://miaoda-site-img.cdn.bcebos.com/images/baidu_image_search_0fc9f874-533e-4ddc-9e01-ba578b590205.jpg","历史外链；来源权利待核验","","","未核验"
"gaozhou-cattle","高州黄牛","牛","https://miaoda-site-img.cdn.bcebos.com/images/baidu_image_search_e18d99bb-e23f-4f97-9992-2604835b6d35.jpg","历史外链；来源权利待核验","","","未核验"
"huazhou-cattle","化州黄牛","牛","https://miaoda-site-img.cdn.bcebos.com/images/baidu_image_search_ed3aca4d-a1ff-40df-b282-f641287eb2a6.jpg","历史外链；来源权利待核验","","","未核验"
"lianjiang-cattle","廉江黄牛","牛","https://miaoda-site-img.cdn.bcebos.com/images/baidu_image_search_d2eb3693-4742-4c63-b682-d0236a67d6e7.jpg","历史外链；来源权利待核验","","","未核验"
"suixi-cattle","遂溪黄牛","牛","https://miaoda-site-img.cdn.bcebos.com/images/baidu_image_search_fa2a2e66-55c7-45b3-8a4d-345f26335877.jpg","历史外链；来源权利待核验","","","未核验"
"xiushui-cattle","修水黄牛","牛","https://miaoda-site-img.cdn.bcebos.com/images/baidu_image_search_eded68a7-c927-4858-b62b-d3d1bab2ce8f.jpg","历史外链；来源权利待核验","","","未核验"
"shangrao-cattle","上饶黄牛","牛","https://miaoda-site-img.cdn.bcebos.com/images/baidu_image_search_daf4e2e4-f7a4-4834-98ab-d67fb50adb7a.jpg","历史外链；来源权利待核验","","","未核验"
"jianyang-cattle","建阳黄牛","牛","https://miaoda-site-img.cdn.bcebos.com/images/baidu_image_search_7de4f02e-5cdb-44df-9456-fb8d41bd9bd7.jpg","历史外链；来源权利待核验","","","未核验"
"fuzhou-yellow-cattle","福州黄牛","牛","https://miaoda-site-img.cdn.bcebos.com/images/baidu_image_search_b5b8c9ae-c79e-4e56-9f03-cba7153be566.jpg","历史外链；来源权利待核验","","","未核验"
"xizhen-cattle","西镇牛","牛","https://miaoda-site-img.cdn.bcebos.com/images/baidu_image_search_18387708-05d6-4b3e-8372-21236a9ec4fa.jpg","历史外链；来源权利待核验","","","未核验"
"wuchuan-cattle","务川黑牛","牛","https://miaoda-site-img.cdn.bcebos.com/images/baidu_image_search_765b1cea-89fc-43d5-bb91-dd27b07a3307.jpg","历史外链；来源权利待核验","","","未核验"
"nandan-cattle","南丹黄牛","牛","https://miaoda-site-img.cdn.bcebos.com/images/baidu_image_search_4230ab81-4e16-4205-9d42-4b92a4daeb08.jpg","历史外链；来源权利待核验","","","未核验"
"liangshan-cattle","凉山黄牛","牛","https://miaoda-site-img.cdn.bcebos.com/images/baidu_image_search_7b7d470a-f4ba-4510-8dc6-9be149e4688c.jpg","历史外链；来源权利待核验","","","未核验"
"diqing-cattle","迪庆黄牛","牛","https://miaoda-site-img.cdn.bcebos.com/images/baidu_image_search_cce4ad4b-62fb-42d0-af1c-79b9528e21ee.jpg","历史外链；来源权利待核验","","","未核验"
"zang-cattle","藏牛","牛","https://miaoda-site-img.cdn.bcebos.com/images/baidu_image_search_fb0c5b89-4a22-4a07-be9f-7fcd514e8a69.jpg","历史外链；来源权利待核验","","","未核验"
"apei-qiongjie-yak","阿沛琼结牦牛","牛","https://miaoda-site-img.cdn.bcebos.com/images/baidu_image_search_2a7021ee-81a4-4bf8-b580-1c452c7de7b9.jpg","历史外链；来源权利待核验","","","未核验"
"kangba-yak","康巴牦牛","牛","https://miaoda-site-img.cdn.bcebos.com/images/baidu_image_search_375ccf6e-65e9-47d1-8353-3ec67b60a966.jpg","历史外链；来源权利待核验","","","未核验"
"sibu-yak","斯布牦牛","牛","https://miaoda-site-img.cdn.bcebos.com/images/baidu_image_search_df9d8ffb-280f-4d43-99b3-21f0f9fcb8ab.jpg","历史外链；来源权利待核验","","","未核验"
"jiangcheng-cattle","江城黄牛","牛","https://miaoda-site-img.cdn.bcebos.com/images/baidu_image_search_b7916cce-18b6-4aeb-b70b-3ca34aab0d28.jpg","历史外链；来源权利待核验","","","未核验"
"dongfang-cattle","东方黄牛","牛","https://miaoda-site-img.cdn.bcebos.com/images/baidu_image_search_e33a52cf-9ae6-4054-b8b3-0368e33cb66e.jpg","历史外链；来源权利待核验","","","未核验"
"ledong-cattle","乐东黄牛","牛","https://miaoda-site-img.cdn.bcebos.com/images/baidu_image_search_37c17ff8-f99d-41e7-8e43-eda79eda2c86.jpg","历史外链；来源权利待核验","","","未核验"
"lingshui-cattle","陵水黄牛","牛","https://miaoda-site-img.cdn.bcebos.com/images/baidu_image_search_74182510-a40a-4f56-bb90-72c7259d2d1b.jpg","历史外链；来源权利待核验","","","未核验"
"baoting-cattle","保亭黄牛","牛","https://miaoda-site-img.cdn.bcebos.com/images/baidu_image_search_6b00a1d3-983d-4716-8c35-ff3745e53bb1.jpg","历史外链；来源权利待核验","","","未核验"
"qiongzhong-cattle","琼中黄牛","牛","https://miaoda-site-img.cdn.bcebos.com/images/baidu_image_search_7e836f47-102d-4120-9824-b6002a71197b.jpg","历史外链；来源权利待核验","","","未核验"
"baisha-cattle","白沙黄牛","牛","https://miaoda-site-img.cdn.bcebos.com/images/baidu_image_search_fd5d4659-c47d-427b-ba31-e551513bd6a8.jpg","历史外链；来源权利待核验","","","未核验"
"lingao-cattle","临高黄牛","牛","https://miaoda-site-img.cdn.bcebos.com/images/baidu_image_search_17b28610-2ee8-45e7-8b81-8c0cc50ed3d1.jpg","历史外链；来源权利待核验","","","未核验"
"danzhou-cattle","儋州黄牛","牛","https://miaoda-site-img.cdn.bcebos.com/images/baidu_image_search_3a94522f-f063-4edd-a164-5a7488826f49.jpg","历史外链；来源权利待核验","","","未核验"
"qionghai-cattle","琼海黄牛","牛","https://miaoda-site-img.cdn.bcebos.com/images/baidu_image_search_cfcfee30-f7ba-4c47-beb9-246dbcfa5cd7.jpg","历史外链；来源权利待核验","","","未核验"
"wanning-cattle","万宁黄牛","牛","https://miaoda-site-img.cdn.bcebos.com/images/baidu_image_search_226fd537-a987-453f-a957-367348a59f71.jpg","历史外链；来源权利待核验","","","未核验"
"dingan-cattle","定安黄牛","牛","https://miaoda-site-img.cdn.bcebos.com/images/baidu_image_search_2997ac06-1d5a-439f-96be-fd5340ce0274.jpg","历史外链；来源权利待核验","","","未核验"
"tunchang-cattle","屯昌黄牛","牛","https://miaoda-site-img.cdn.bcebos.com/images/baidu_image_search_829dcbe2-dff4-49e2-9fc5-07ce1db45e0f.jpg","历史外链；来源权利待核验","","","未核验"
"chengmai-cattle","澄迈黄牛","牛","https://miaoda-site-img.cdn.bcebos.com/images/baidu_image_search_d973e2a5-6bd2-4d5e-8d32-47aec11b0226.jpg","历史外链；来源权利待核验","","","未核验"
"wenchang-cattle","文昌黄牛","牛","https://miaoda-site-img.cdn.bcebos.com/images/baidu_image_search_7eb1dbbd-8a98-4471-b9d7-a88cece546bd.jpg","历史外链；来源权利待核验","","","未核验"
"qiongshan-cattle","琼山黄牛","牛","https://miaoda-site-img.cdn.bcebos.com/images/baidu_image_search_83e3a784-bdc0-4685-8b59-9c9d33122461.jpg","历史外链；来源权利待核验","","","未核验"
"haikou-cattle","海口黄牛","牛","https://miaoda-site-img.cdn.bcebos.com/images/baidu_image_search_1b763d3c-282e-4dc8-b3a8-d295aa48ce28.jpg","历史外链；来源权利待核验","","","未核验"
"sanya-cattle","三亚黄牛","牛","https://miaoda-site-img.cdn.bcebos.com/images/baidu_image_search_ef4626c3-673a-40d2-98b1-c3ed0a410594.jpg","历史外链；来源权利待核验","","","未核验"
"wuzhishan-cattle","五指山黄牛","牛","https://miaoda-site-img.cdn.bcebos.com/images/baidu_image_search_a509835f-dbea-4c13-a9a0-2e22f3a3163b.jpg","历史外链；来源权利待核验","","","未核验"
"keerqin-sheep","科尔沁羊","羊","https://miaoda-site-img.cdn.bcebos.com/images/baidu_image_search_bba947fc-7bc3-46d6-a8e2-07194ed60a9d.jpg","历史外链；来源权利待核验","","","未核验"
"taihang-goat","太行山羊","羊","https://miaoda-site-img.cdn.bcebos.com/images/baidu_image_search_417641ae-d95e-403c-abf1-27e7e6dd7749.jpg","历史外链；来源权利待核验","","","未核验"
"licheng-green-sheep","黎城大青羊","羊","https://miaoda-site-img.cdn.bcebos.com/images/baidu_image_search_2f9c706a-264e-4a74-9086-77b4664f1f6a.jpg","历史外链；来源权利待核验","","","未核验"
"yanshan-goat","燕山无角山羊","羊","https://miaoda-site-img.cdn.bcebos.com/images/baidu_image_search_6a950acc-9a70-4371-87de-e9299567b6dc.jpg","历史外链；来源权利待核验","","","未核验"
"maguanshan-goat","马关山羊","羊","https://miaoda-site-img.cdn.bcebos.com/images/baidu_image_search_1bef47cf-122c-4736-971b-bb2993e21e80.jpg","历史外链；来源权利待核验","","","未核验"
"ninglang-black-sheep","宁蒗黑绵羊","羊","https://miaoda-site-img.cdn.bcebos.com/images/baidu_image_search_e59c8fca-1ac2-4915-a1e0-0a3a82d81c60.jpg","历史外链；来源权利待核验","","","未核验"
"tengchong-sheep","腾冲绵羊","羊","https://miaoda-site-img.cdn.bcebos.com/images/baidu_image_search_e348ab99-e6b0-477d-ba33-15ba33f5f549.jpg","历史外链；来源权利待核验","","","未核验"
"lanping-black-sheep","兰坪乌骨绵羊","羊","https://miaoda-site-img.cdn.bcebos.com/images/baidu_image_search_e86c45e3-749f-4f82-b57d-1a3d1e78ab3a.jpg","历史外链；来源权利待核验","","","未核验"
"shiping-sheep","石屏青绵羊","羊","https://miaoda-site-img.cdn.bcebos.com/images/baidu_image_search_7ad6b999-1887-49bd-8adb-2efa57e2a9f4.jpg","历史外链；来源权利待核验","","","未核验"
"lijiang-sheep","丽江绵羊","羊","https://miaoda-site-img.cdn.bcebos.com/images/baidu_image_search_64bbf772-811d-4d87-99c5-e1db3ed03703.jpg","历史外链；来源权利待核验","","","未核验"
"awang-sheep","阿旺绵羊","羊","https://miaoda-site-img.cdn.bcebos.com/images/baidu_image_search_656d6eac-ddca-4c72-94c0-51189939c96e.jpg","历史外链；来源权利待核验","","","未核验"
"jiangzi-sheep","江孜绵羊","羊","https://miaoda-site-img.cdn.bcebos.com/images/baidu_image_search_96169a97-8941-4ce5-8344-b7c1d76ee227.jpg","历史外链；来源权利待核验","","","未核验"
"linzhi-sheep","林芝绵羊","羊","https://miaoda-site-img.cdn.bcebos.com/images/baidu_image_search_2645137d-0c9b-49a2-a46e-9308ccd951bb.jpg","历史外链；来源权利待核验","","","未核验"
"neimenggu-cashmere-goat","内蒙古绒山羊","羊","https://miaoda-site-img.cdn.bcebos.com/images/baidu_image_search_321a2379-f4f5-4a5d-a260-5384ca3e7f08.jpg","历史外链；来源权利待核验","","","未核验"
"jining-green-goat","济宁青山羊","羊","https://miaoda-site-img.cdn.bcebos.com/images/baidu_image_search_a353664f-796f-428f-b617-da40d08e4234.jpg","历史外链；来源权利待核验","","","未核验"
"yangtze-delta-white-goat","长江三角洲白山羊","羊","https://miaoda-site-img.cdn.bcebos.com/images/baidu_image_search_a1c2a276-2230-4b3d-b269-209eb4c9aebc.jpg","历史外链；来源权利待核验","","","未核验"
"xinihe-horse","锡尼河马","马","https://miaoda-site-img.cdn.bcebos.com/images/baidu_image_search_e4d0e75a-44a1-4d2e-96b1-53355a259214.jpg","历史外链；来源权利待核验","","","未核验"
"elunchun-horse","鄂伦春马","马","https://miaoda-site-img.cdn.bcebos.com/images/baidu_image_search_d6789444-ca0c-458f-8340-ee31d12f5c59.jpg","历史外链；来源权利待核验","","","未核验"
"barkol-horse","巴里坤马","马","https://miaoda-site-img.cdn.bcebos.com/images/baidu_image_search_a5c3fbe9-3b7d-4f7e-b9c0-d1f4f5a19730.jpg","历史外链；来源权利待核验","","","未核验"
"yanqi-horse","焉耆马","马","https://miaoda-site-img.cdn.bcebos.com/images/baidu_image_search_246b784a-5c44-49da-a92a-9e8918dad33b.jpg","历史外链；来源权利待核验","","","未核验"
"jianchang-horse","建昌马","马","https://miaoda-site-img.cdn.bcebos.com/images/baidu_image_search_cbb0b690-4b7c-48a5-b9ed-ffdb5ec0296e.jpg","历史外链；来源权利待核验","","","未核验"
"xizang-horse","西藏马","马","https://miaoda-site-img.cdn.bcebos.com/images/baidu_image_search_190d20f9-10b0-4e63-bb92-52b39734b73b.jpg","历史外链；来源权利待核验","","","未核验"
"ningqiang-horse","宁强马","马","https://miaoda-site-img.cdn.bcebos.com/images/baidu_image_search_fbe4a933-7279-4e42-ac9e-ad5dec799d05.jpg","历史外链；来源权利待核验","","","未核验"
"baise-horse","百色马","马","https://miaoda-site-img.cdn.bcebos.com/images/baidu_image_search_f6559ab4-f07e-4211-b7bd-5395275d68de.jpg","历史外链；来源权利待核验","","","未核验"
"guizhou-horse","贵州马","马","https://miaoda-site-img.cdn.bcebos.com/images/baidu_image_search_340ae000-1081-43df-9f0c-065df89cdda4.jpg","历史外链；来源权利待核验","","","未核验"
"chuxiong-horse","楚雄马","马","https://miaoda-site-img.cdn.bcebos.com/images/baidu_image_search_eff20464-b974-4f9e-a121-e5b252d5f223.jpg","历史外链；来源权利待核验","","","未核验"
"dali-horse","大理马","马","https://miaoda-site-img.cdn.bcebos.com/images/baidu_image_search_84b590f1-a62f-4d07-9602-728d4c359408.jpg","历史外链；来源权利待核验","","","未核验"
"lijiang-horse","丽江马","马","https://miaoda-site-img.cdn.bcebos.com/images/baidu_image_search_11b72c07-00c1-4b9d-9735-569ebcfffe13.jpg","历史外链；来源权利待核验","","","未核验"
"zhongdian-horse","中甸马","马","https://miaoda-site-img.cdn.bcebos.com/images/baidu_image_search_c11a744e-2235-4b70-a1fb-732f537dfbf5.jpg","历史外链；来源权利待核验","","","未核验"
"debao-pony","德保矮马","马","https://miaoda-site-img.cdn.bcebos.com/images/baidu_image_search_2962e0c1-6f1d-47af-9916-f6af0f9da4c1.jpg","历史外链；来源权利待核验","","","未核验"
"ningqiang-pony","宁强矮马","马","https://miaoda-site-img.cdn.bcebos.com/images/baidu_image_search_b8ebccc2-6fa1-42ee-b921-08af82c86a39.jpg","历史外链；来源权利待核验","","","未核验"
"xilin-horse","西林马","马","https://miaoda-site-img.cdn.bcebos.com/images/baidu_image_search_d25ebc1f-e95d-416d-85af-6ec1e7034390.jpg","历史外链；来源权利待核验","","","未核验"
"qiangtang-horse","羌塘马","马","https://miaoda-site-img.cdn.bcebos.com/images/baidu_image_search_fc0eb505-cd16-4215-bf24-1fee14c84ed9.jpg","历史外链；来源权利待核验","","","未核验"
"chaidamu-horse","柴达木马","马","https://miaoda-site-img.cdn.bcebos.com/images/baidu_image_search_dd914238-59b0-4422-a901-72a227c0cb08.jpg","历史外链；来源权利待核验","","","未核验"
"huaibei-grey-donkey","淮北灰驴","其他","https://miaoda-site-img.cdn.bcebos.com/images/baidu_image_search_8c9663cd-5673-44ef-b5f1-236ae1c077e4.jpg","历史外链；来源权利待核验","","","未核验"
"laishui-donkey","涞水驴","其他","https://miaoda-site-img.cdn.bcebos.com/images/baidu_image_search_233d8bd0-0825-40ec-88e7-32a71c8ab6ea.jpg","历史外链；来源权利待核验","","","未核验"
"changyuan-donkey","长垣驴","其他","https://miaoda-site-img.cdn.bcebos.com/images/baidu_image_search_f65b8e2a-d295-4c36-a145-a0ab22bd84ee.jpg","历史外链；来源权利待核验","","","未核验"
"shaanbei-donkey","陕北驴","其他","https://miaoda-site-img.cdn.bcebos.com/images/baidu_image_search_4ce5ce99-c3fb-4a17-8c39-b8d23f54d530.jpg","历史外链；来源权利待核验","","","未核验"
"qingyang-donkey","庆阳驴","其他","https://miaoda-site-img.cdn.bcebos.com/images/baidu_image_search_0d63ba97-a615-4305-b08d-26ea7531b659.jpg","历史外链；来源权利待核验","","","未核验"
"liangzhou-donkey","凉州驴","其他","https://miaoda-site-img.cdn.bcebos.com/images/baidu_image_search_51de4a70-0dc3-41a6-a7c5-23a8ad353711.jpg","历史外链；来源权利待核验","","","未核验"
"qinghai-donkey","青海毛驴","其他","https://miaoda-site-img.cdn.bcebos.com/images/baidu_image_search_dac7b5a7-5522-47f2-8971-7e19f94d6e32.jpg","历史外链；来源权利待核验","","","未核验"
"yunnan-donkey","云南驴","其他","https://miaoda-site-img.cdn.bcebos.com/images/baidu_image_search_aec01d17-3f8c-491f-b562-768764edcf3f.jpg","历史外链；来源权利待核验","","","未核验"
"sichuan-donkey","四川驴","其他","https://miaoda-site-img.cdn.bcebos.com/images/baidu_image_search_9d0a55b0-cab6-4530-b300-fefee73d9681.jpg","历史外链；来源权利待核验","","","未核验"
"hunan-donkey","湖南驴","其他","https://miaoda-site-img.cdn.bcebos.com/images/baidu_image_search_9ca78fcc-f2be-45fe-a6bf-860cfdc350e5.jpg","历史外链；来源权利待核验","","","未核验"
"hubei-donkey","湖北驴","其他","https://miaoda-site-img.cdn.bcebos.com/images/baidu_image_search_305adca1-af9b-4eb4-a30a-567b03b93cbf.jpg","历史外链；来源权利待核验","","","未核验"
"xinan-donkey","西南驴","其他","https://miaoda-site-img.cdn.bcebos.com/images/baidu_image_search_3a46457a-4464-4c5a-8e02-cf8ec1670ecc.jpg","历史外链；来源权利待核验","","","未核验"
"huabei-donkey","华北驴","其他","https://miaoda-site-img.cdn.bcebos.com/images/baidu_image_search_d136c716-9107-4fc0-97be-d6641619a32e.jpg","历史外链；来源权利待核验","","","未核验"
"qinghai-camel","青海双峰驼","骆驼","https://miaoda-site-img.cdn.bcebos.com/images/baidu_image_search_3791d6bb-2907-403f-875c-d9b08eb4a126.jpg","历史外链；来源权利待核验","","","未核验"
"gansu-camel","甘肃双峰驼","骆驼","https://miaoda-site-img.cdn.bcebos.com/images/baidu_image_search_fc9ab86b-4bc0-474b-b3cd-370349114af5.jpg","历史外链；来源权利待核验","","","未核验"
"baier-yellow-chicken","白耳黄鸡","鸡","https://miaoda-site-img.cdn.bcebos.com/images/baidu_image_search_955b7fa7-b420-47a5-a4d9-cba3817b7f82.jpg","历史外链；来源权利待核验","","","未核验"
"dayu-duck","大余鸭","鸭","https://miaoda-site-img.cdn.bcebos.com/images/baidu_image_search_2059f25e-1cb5-4f1b-9527-bb74b1cc1c67.jpg","历史外链；来源权利待核验","","","未核验"
"jinhua-pig","金华猪","猪","https://miaoda-site-img.cdn.bcebos.com/images/baidu_image_search_a5b68a98-9dda-461b-af1b-28e81ad5d12f.jpg","历史外链；来源权利待核验","","","未核验"
"bamei-pig","八眉猪","猪","https://miaoda-site-img.cdn.bcebos.com/images/baidu_image_search_bcc05568-c5c8-44d5-b16e-6b6a4f0837be.jpg","历史外链；来源权利待核验","","","未核验"
"huaihe-pig","淮猪","猪","https://miaoda-site-img.cdn.bcebos.com/images/baidu_image_search_0b6b2673-98fb-499f-ad8e-dbade74086a2.jpg","历史外链；来源权利待核验","","","未核验"
"qinghai-plateau-yak","青海高原牦牛","牛","https://miaoda-site-img.cdn.bcebos.com/images/baidu_image_search_2258dd91-43d9-4267-8682-ba66c55e0b6e.jpg","历史外链；来源权利待核验","","","未核验"
"gannan-yak","甘南牦牛","牛","https://miaoda-site-img.cdn.bcebos.com/images/baidu_image_search_21dc4827-ed63-4f80-808b-803e6f3a6e15.jpg","历史外链；来源权利待核验","","","未核验"
"zhongdian-yak","中甸牦牛","牛","https://miaoda-site-img.cdn.bcebos.com/images/baidu_image_search_dd11d1df-be3f-47d6-bfa8-d014e38c656d.jpg","历史外链；来源权利待核验","","","未核验"
"yushu-yak","玉树牦牛","牛","https://miaoda-image.cdn.bcebos.com/img/corpus/fae9410fe1be40e88e07e33c07e01d17.jpg","历史外链；来源权利待核验","","","未核验"
"binglangjiang-buffalo","槟榔江水牛","牛","https://miaoda-site-img.cdn.bcebos.com/images/baidu_image_search_92d6f1a6-41c1-42c4-8d83-2a785169791f.jpg","历史外链；来源权利待核验","","","未核验"
"taihe-silkie","泰和乌鸡","鸡","https://miaoda-site-img.cdn.bcebos.com/images/baidu_image_search_dedba8b5-0317-4ffa-be12-bd60e9120435.jpg","历史外链；来源权利待核验","","","未核验"
"xindu-yellow","信都三黄鸡","鸡","https://miaoda-site-img.cdn.bcebos.com/images/baidu_image_search_a86d1c9b-ac8f-420d-b0d7-598420d1be7a.jpg","历史外链；来源权利待核验","","","未核验"
"lingshan-fragrant","灵山香鸡","鸡","https://miaoda-site-img.cdn.bcebos.com/images/baidu_image_search_17beec48-2bf5-40a4-a00e-06a6289eaf40.jpg","历史外链；来源权利待核验","","","未核验"
"hongshan-chicken","洪山鸡","鸡","https://miaoda-site-img.cdn.bcebos.com/images/baidu_image_search_b7b9ce61-dd02-40fd-90c3-6a939e34a7b3.jpg","历史外链；来源权利待核验","","","未核验"
"jianghan-chicken","江汉鸡","鸡","https://miaoda-site-img.cdn.bcebos.com/images/baidu_image_search_ae73a2d0-a0fd-4d5f-95f7-837f19cfcc86.jpg","历史外链；来源权利待核验","","","未核验"
"shuanglian-chicken","双莲鸡","鸡","https://miaoda-site-img.cdn.bcebos.com/images/baidu_image_search_de7beccf-1a98-46a8-bc6a-5c9301a6da2c.jpg","历史外链；来源权利待核验","","","未核验"
"yunyang-big","郧阳大鸡","鸡","https://miaoda-site-img.cdn.bcebos.com/images/baidu_image_search_5cfe2f23-e706-45a0-9f1f-5b238008833e.jpg","历史外链；来源权利待核验","","","未核验"
"piao-chicken","瓢鸡","鸡","https://miaoda-site-img.cdn.bcebos.com/images/baidu_image_search_94aca527-30ec-42f5-b62d-96a9ee1d26a4.jpg","历史外链；来源权利待核验","","","未核验"
"wuliangshan-black","无量山乌骨鸡","鸡","https://miaoda-site-img.cdn.bcebos.com/images/baidu_image_search_d2a9a4f0-937c-4fd9-8e02-6a0e39b37fa9.jpg","历史外链；来源权利待核验","","","未核验"
"gaojiao-chicken","高脚鸡","鸡","https://miaoda-site-img.cdn.bcebos.com/images/baidu_image_search_34ab425a-ce8b-47b9-bddf-ac210a9cd54f.jpg","历史外链；来源权利待核验","","","未核验"
"aijiao-chicken","矮脚鸡","鸡","https://miaoda-site-img.cdn.bcebos.com/images/baidu_image_search_53c404d4-7992-4e04-a924-2be0fe48cf6f.jpg","历史外链；来源权利待核验","","","未核验"
"changshun-greenegg","长顺绿壳蛋鸡","鸡","https://miaoda-site-img.cdn.bcebos.com/images/baidu_image_search_6c744584-1d21-429b-b635-eeb3bf727f68.jpg","历史外链；来源权利待核验","","","未核验"
"xingwen-black","兴文乌骨鸡","鸡","https://miaoda-site-img.cdn.bcebos.com/images/baidu_image_search_13268e7e-5d04-4e7b-bb65-141ae2f380ad.jpg","历史外链；来源权利待核验","","","未核验"
"jiuyuan-black","旧院黑鸡","鸡","https://miaoda-site-img.cdn.bcebos.com/images/baidu_image_search_1b3544a4-a295-4d0f-b333-c21cde9f73e6.jpg","历史外链；来源权利待核验","","","未核验"
"miyi-chicken","米易鸡","鸡","https://miaoda-site-img.cdn.bcebos.com/images/baidu_image_search_9cdc66d4-dfaf-44cd-b211-659d8e19e88a.jpg","历史外链；来源权利待核验","","","未核验"
"shimian-caoke","石棉草科鸡","鸡","https://miaoda-site-img.cdn.bcebos.com/images/baidu_image_search_d82b2d16-0655-433d-9f42-db621cfe7a6d.jpg","历史外链；来源权利待核验","","","未核验"
"sichuan-mountain-black","四川山地乌骨鸡","鸡","https://miaoda-site-img.cdn.bcebos.com/images/baidu_image_search_8fcf9235-2b14-41e6-82f9-32dd44227e58.jpg","历史外链；来源权利待核验","","","未核验"
"chengkou-mountain","城口山地鸡","鸡","https://miaoda-site-img.cdn.bcebos.com/images/baidu_image_search_f03459f3-2fa7-447c-8db4-dbc32d6b69b1.jpg","历史外链；来源权利待核验","","","未核验"
"guangxi-yellow","广西三黄鸡","鸡","https://miaoda-site-img.cdn.bcebos.com/images/baidu_image_search_7e9c5379-9acf-4a87-92bd-f9ba1e607387.jpg","历史外链；来源权利待核验","","","未核验"
"nandan-yao","南丹瑶鸡","鸡","https://miaoda-site-img.cdn.bcebos.com/images/baidu_image_search_3281ce88-0413-494c-b50e-8fdf7b53f24f.jpg","历史外链；来源权利待核验","","","未核验"
"longsheng-feng","龙胜凤鸡","鸡","https://miaoda-site-img.cdn.bcebos.com/images/baidu_image_search_b0ebc07d-cd2c-4058-b917-e830cfeb200d.jpg","历史外链；来源权利待核验","","","未核验"
"danzhou-chicken","儋州鸡","鸡","https://miaoda-site-img.cdn.bcebos.com/images/baidu_image_search_e83c728a-b810-43d5-a6ee-74b4998e9516.jpg","历史外链；来源权利待核验","","","未核验"
"anyi-wahui","安义瓦灰鸡","鸡","https://miaoda-site-img.cdn.bcebos.com/images/baidu_image_search_4f2ed29c-dfeb-4afb-af59-df2baa33d707.jpg","历史外链；来源权利待核验","","","未核验"
"ningdu-yellow","宁都黄鸡","鸡","https://miaoda-site-img.cdn.bcebos.com/images/baidu_image_search_5d6e751a-6515-449d-ac69-6655becd5beb.jpg","历史外链；来源权利待核验","","","未核验"
"guangfeng-baier","广丰白耳黄鸡","鸡","https://miaoda-site-img.cdn.bcebos.com/images/baidu_image_search_d246edd7-9503-4235-9636-d08ac0c948c6.jpg","历史外链；来源权利待核验","","","未核验"
"dongxiang-greenegg","东乡绿壳蛋鸡","鸡","https://miaoda-site-img.cdn.bcebos.com/images/baidu_image_search_87f28d03-5c6b-4fee-9664-b38a2e852926.jpg","历史外链；来源权利待核验","","","未核验"
"chongren-ma","崇仁麻鸡","鸡","https://miaoda-site-img.cdn.bcebos.com/images/baidu_image_search_f3da089b-d859-43c9-a0e8-fb8ea9743d55.jpg","历史外链；来源权利待核验","","","未核验"
"langya-chicken","琅琊鸡","鸡","https://miaoda-site-img.cdn.bcebos.com/images/baidu_image_search_bb2b9b39-0f9b-40a1-a431-7beb2f216f51.jpg","历史外链；来源权利待核验","","","未核验"
"zhongyuan-game","中原斗鸡","鸡","https://miaoda-site-img.cdn.bcebos.com/images/baidu_image_search_0044b04e-5d93-404f-81db-3cf56d35a927.jpg","历史外链；来源权利待核验","","","未核验"
"xishuangbanna-game","西双版纳斗鸡","鸡","https://miaoda-site-img.cdn.bcebos.com/images/baidu_image_search_d0ebc3b7-aa25-4b3e-8f0f-c4d6f7447369.jpg","历史外链；来源权利待核验","","","未核验"
"turpan-game","吐鲁番斗鸡","鸡","https://miaoda-site-img.cdn.bcebos.com/images/baidu_image_search_ca221329-67be-4e8d-8130-fe92fa9356ef.jpg","历史外链；来源权利待核验","","","未核验"
"zhangzhou-game","漳州斗鸡","鸡","https://miaoda-site-img.cdn.bcebos.com/images/baidu_image_search_6d950e1e-1678-4e4d-8822-5aaa6f32a5ac.jpg","历史外链；来源权利待核验","","","未核验"
"youyu-chicken","右玉鸡","鸡","https://miaoda-site-img.cdn.bcebos.com/images/baidu_image_search_23096f25-d3e4-410e-a904-ff7f8cc1d0b0.jpg","历史外链；来源权利待核验","","","未核验"
"pingliang-chicken","平凉鸡","鸡","https://miaoda-site-img.cdn.bcebos.com/images/baidu_image_search_9f44c37f-6711-4e7f-860e-c2304a985965.jpg","历史外链；来源权利待核验","","","未核验"
"jingyuan-chicken","静原鸡","鸡","https://miaoda-site-img.cdn.bcebos.com/images/baidu_image_search_bdb27b7e-dcfc-44a1-ba76-02601024c833.jpg","历史外链；来源权利待核验","","","未核验"
"taibai-chicken","太白鸡","鸡","https://miaoda-site-img.cdn.bcebos.com/images/baidu_image_search_2c2e1b2d-1e4b-4226-93b9-9451b7dfc5fa.jpg","历史外链；来源权利待核验","","","未核验"
"shanbei-chicken","陕北鸡","鸡","https://miaoda-site-img.cdn.bcebos.com/images/baidu_image_search_2528fa8d-7c5f-42b7-aa84-9b4bbf2f1828.jpg","历史外链；来源权利待核验","","","未核验"
"hetian-black","和田黑鸡","鸡","https://miaoda-site-img.cdn.bcebos.com/images/baidu_image_search_8509caf7-2040-47de-bd0b-f100dd63a4f4.jpg","历史外链；来源权利待核验","","","未核验"
"baicheng-youji","拜城油鸡","鸡","https://miaoda-site-img.cdn.bcebos.com/images/baidu_image_search_3ebdbf91-2c9a-4d2c-aeb5-8383cbb75d13.jpg","历史外链；来源权利待核验","","","未核验"
"huainan-mahuang","淮南麻黄鸡","鸡","https://miaoda-site-img.cdn.bcebos.com/images/baidu_image_search_d9e44e52-f55f-4b2e-8dfc-e4f451f8208f.jpg","历史外链；来源权利待核验","","","未核验"
"huaibei-ma","淮北麻鸡","鸡","https://miaoda-site-img.cdn.bcebos.com/images/baidu_image_search_79560b23-071f-478b-8af4-d5043dab7049.jpg","历史外链；来源权利待核验","","","未核验"
"xuanzhou-chicken","宣州鸡","鸡","https://miaoda-site-img.cdn.bcebos.com/images/baidu_image_search_023c5580-791a-4004-b7e3-5e454eda262f.jpg","历史外链；来源权利待核验","","","未核验"
"tianchang-yellow","天长三黄鸡","鸡","https://miaoda-site-img.cdn.bcebos.com/images/baidu_image_search_11535b63-c954-452b-8057-f2faa3f5ff51.jpg","历史外链；来源权利待核验","","","未核验"
"huangshan-black","黄山黑鸡","鸡","https://miaoda-site-img.cdn.bcebos.com/images/baidu_image_search_21441238-d4e6-46d5-9117-1a4eba8e84b0.jpg","历史外链；来源权利待核验","","","未核验"
"jingjiang-maduck","荆江麻鸭","鸭","https://miaoda-site-img.cdn.bcebos.com/images/baidu_image_search_52db124a-45f0-4f66-b991-435cf2d0485b.jpg","历史外链；来源权利待核验","","","未核验"
"tianzhu-muscovy","天柱番鸭","鸭","https://miaoda-site-img.cdn.bcebos.com/images/baidu_image_search_6bf13f24-57ef-4c29-9376-c635e3c0dffa.jpg","历史外链；来源权利待核验","","","未核验"
"yangxin-muscovy","阳新番鸭","鸭","https://miaoda-site-img.cdn.bcebos.com/images/baidu_image_search_8f2d1487-ffef-4a9e-94bf-87106cbf15b0.jpg","历史外链；来源权利待核验","","","未核验"
"hanzhong-maduck","汉中麻鸭","鸭","https://miaoda-site-img.cdn.bcebos.com/images/baidu_image_search_c0156085-5de8-4559-aa33-73f295c84228.jpg","历史外链；来源权利待核验","","","未核验"
"yunnan-maduck","云南麻鸭","鸭","https://miaoda-site-img.cdn.bcebos.com/images/baidu_image_search_d6e8d220-cb68-4c63-aeb3-77c9120668a7.jpg","历史外链；来源权利待核验","","","未核验"
"guangxi-small-maduck","广西小麻鸭","鸭","https://miaoda-site-img.cdn.bcebos.com/images/baidu_image_search_6b7387ab-d6f1-4929-ad91-3d7ea72c644b.jpg","历史外链；来源权利待核验","","","未核验"
"enshi-maduck","恩施麻鸭","鸭","https://miaoda-site-img.cdn.bcebos.com/images/baidu_image_search_32ce1a7b-35c9-49f5-9bd6-7f59b5a092de.jpg","历史外链；来源权利待核验","","","未核验"
"mianyang-maduck","沔阳麻鸭","鸭","https://miaoda-site-img.cdn.bcebos.com/images/baidu_image_search_4490aac1-1513-4a28-bda6-358c42d54617.jpg","历史外链；来源权利待核验","","","未核验"
"zongyang-mei","枞阳媒鸭","鸭","https://miaoda-site-img.cdn.bcebos.com/images/baidu_image_search_fd182205-7c50-498f-b0ea-8ce989b6a1ba.jpg","历史外链；来源权利待核验","","","未核验"
"jian-red","吉安红毛鸭","鸭","https://miaoda-site-img.cdn.bcebos.com/images/baidu_image_search_b793fbe4-1a64-4ade-8e07-e248a9526b13.jpg","历史外链；来源权利待核验","","","未核验"
"ningdu-maduck","宁都麻鸭","鸭","https://miaoda-site-img.cdn.bcebos.com/images/baidu_image_search_770fb48e-e05a-439e-b594-5d7f9cfdfa0f.jpg","历史外链；来源权利待核验","","","未核验"
"longyou-maduck","龙游麻鸭","鸭","https://miaoda-site-img.cdn.bcebos.com/images/baidu_image_search_f244ac34-f1a2-455c-8571-1966e39e6417.jpg","历史外链；来源权利待核验","","","未核验"
"jinyun-maduck","缙云麻鸭","鸭","https://miaoda-site-img.cdn.bcebos.com/images/baidu_image_search_ab21f48b-a33e-4d91-829f-4b403ba83f36.jpg","历史外链；来源权利待核验","","","未核验"
"bihu-maduck","碧湖麻鸭","鸭","https://miaoda-site-img.cdn.bcebos.com/images/baidu_image_search_5163d52b-d630-403c-b891-94d5b10ee920.jpg","历史外链；来源权利待核验","","","未核验"
"black-muscovy","黑羽番鸭","鸭","https://miaoda-site-img.cdn.bcebos.com/images/baidu_image_search_0eba2c4f-d808-400f-bc65-5c6b494568b8.jpg","历史外链；来源权利待核验","","","未核验"
"yan-goose","雁鹅","鹅","https://miaoda-site-img.cdn.bcebos.com/images/baidu_image_search_4f4c55e7-c0ff-49c1-9182-33e2bebd024f.jpg","历史外链；来源权利待核验","","","未核验"
"zi-goose","籽鹅","鹅","https://miaoda-site-img.cdn.bcebos.com/images/baidu_image_search_9ed006ab-c1f4-40cf-bd70-e2cb44475e79.jpg","历史外链；来源权利待核验","","","未核验"
"yili-goose","伊犁鹅","鹅","https://miaoda-site-img.cdn.bcebos.com/images/baidu_image_search_9b8ef81a-9b6f-4013-8cd3-a886da743873.jpg","历史外链；来源权利待核验","","","未核验"
"wuzong-goose","乌鬃鹅","鹅","https://miaoda-site-img.cdn.bcebos.com/images/baidu_image_search_69310716-ad39-4c71-a659-1147911640c2.jpg","历史外链；来源权利待核验","","","未核验"
"magang-goose","马冈鹅","鹅","https://miaoda-site-img.cdn.bcebos.com/images/baidu_image_search_cd74f66f-423e-4aa1-ae04-bda299c9ae5e.jpg","历史外链；来源权利待核验","","","未核验"
"taishan-goose","台山鹅","鹅","https://miaoda-site-img.cdn.bcebos.com/images/baidu_image_search_6f1e40ed-ff38-4fac-a471-2c2d40b44326.jpg","历史外链；来源权利待核验","","","未核验"
"lianhua-white","莲花白鹅","鹅","https://miaoda-site-img.cdn.bcebos.com/images/baidu_image_search_43869c3e-10b1-428c-813c-c1dd4b5002d5.jpg","历史外链；来源权利待核验","","","未核验"
"guangfeng-silver","广丰白银鹅","鹅","https://miaoda-site-img.cdn.bcebos.com/images/baidu_image_search_3924c202-db83-4772-831d-ed94ad622ae3.jpg","历史外链；来源权利待核验","","","未核验"
"wugang-tong","武冈铜鹅","鹅","https://miaoda-site-img.cdn.bcebos.com/images/baidu_image_search_52e92a36-863b-4234-b47e-af3a6a97f2be.jpg","历史外链；来源权利待核验","","","未核验"
"lingxian-white","酃县白鹅","鹅","https://miaoda-site-img.cdn.bcebos.com/images/baidu_image_search_a47f9b77-1067-4ad8-a348-c516cc070435.jpg","历史外链；来源权利待核验","","","未核验"
"minbei-white","闽北白鹅","鹅","https://miaoda-site-img.cdn.bcebos.com/images/baidu_image_search_5be61345-6d21-46a1-b3db-a4d4de57b031.jpg","历史外链；来源权利待核验","","","未核验"
"yongkang-grey","永康灰鹅","鹅","https://miaoda-site-img.cdn.bcebos.com/images/baidu_image_search_ac6ce3d6-ebf4-48e0-9809-91c9612088f2.jpg","历史外链；来源权利待核验","","","未核验"
"pingba-grey","平坝灰鹅","鹅","https://miaoda-site-img.cdn.bcebos.com/images/baidu_image_search_052d5eb0-a85f-4369-bd87-778efe503b51.jpg","历史外链；来源权利待核验","","","未核验"
"gang-goose","钢鹅","鹅","https://miaoda-site-img.cdn.bcebos.com/images/baidu_image_search_e9e8bddb-4599-4714-b6df-43bbbfc0e681.jpg","历史外链；来源权利待核验","","","未核验"
"yunnan-goose","云南鹅","鹅","https://miaoda-site-img.cdn.bcebos.com/images/baidu_image_search_6ef2ac38-e099-47e7-9e58-7971453e39a7.jpg","历史外链；来源权利待核验","","","未核验"
"baizi-goose","百子鹅","鹅","https://miaoda-site-img.cdn.bcebos.com/images/baidu_image_search_b291baf1-b349-474d-91f2-fe1cd0a0a874.jpg","历史外链；来源权利待核验","","","未核验"
"changle-goose","长乐鹅","鹅","https://miaoda-site-img.cdn.bcebos.com/images/baidu_image_search_f2d08ddb-6234-41ea-8554-0528a69f9a93.jpg","历史外链；来源权利待核验","","","未核验"
"xiangshan-white","象山白鹅","鹅","https://miaoda-site-img.cdn.bcebos.com/images/baidu_image_search_1ba8a167-11a6-4695-bb8f-e1e5715596e4.jpg","历史外链；来源权利待核验","","","未核验"
"youjiang-goose","右江鹅","鹅","https://miaoda-site-img.cdn.bcebos.com/images/baidu_image_search_ecff92d2-a27e-4c91-92f5-c287dbf8acf4.jpg","历史外链；来源权利待核验","","","未核验"
"zhijin-white","织金白鹅","鹅","https://miaoda-site-img.cdn.bcebos.com/images/baidu_image_search_0cb81a3b-d6cb-4c2d-9be0-305d62d639b0.jpg","历史外链；来源权利待核验","","","未核验"
"yunnan-spotted-rabbit","云南花兔","兔","https://miaoda-site-img.cdn.bcebos.com/images/baidu_image_search_daf7e2b1-85bf-4a3e-bf33-40f18a67cc18.jpg","历史外链；来源权利待核验","","","未核验"
"lianshan-black-rabbit","莲山黑兔","兔","https://miaoda-site-img.cdn.bcebos.com/images/baidu_image_search_c7a2df76-bea4-4df6-a23a-d3fa375d9811.jpg","历史外链；来源权利待核验","","","未核验"
"laiwu-black-rabbit","莱芜黑兔","兔","https://miaoda-site-img.cdn.bcebos.com/images/baidu_image_search_e736c496-e77b-4149-a7bc-41a6d8683d95.jpg","历史外链；来源权利待核验","","","未核验"
"tiger-skin-rabbit","虎皮黄兔","兔","https://miaoda-site-img.cdn.bcebos.com/images/baidu_image_search_9ee16775-d9ce-40f2-ba52-0f6b1da1816c.jpg","历史外链；来源权利待核验","","","未核验"
"taihu-dianzi-pigeon","太湖点子鸽","鸽","https://miaoda-site-img.cdn.bcebos.com/images/baidu_image_search_ec1164cf-0d5f-4c1e-a451-a9333398dec1.jpg","历史外链；来源权利待核验","","","未核验"
"junggar-bactrian","新疆准噶尔双峰驼","骆驼","https://miaoda-site-img.cdn.bcebos.com/images/baidu_image_search_b7717530-ff78-4764-979a-83b0dbfd104e.jpg","历史外链；来源权利待核验","","","未核验"
"sika-deer","梅花鹿","其他","https://miaoda-site-img.cdn.bcebos.com/images/baidu_image_search_d6b4dd85-37fd-4c8f-8a79-68923782d645.jpg","历史外链；来源权利待核验","","","未核验"
"tianshan-red-deer","天山马鹿","其他","https://miaoda-site-img.cdn.bcebos.com/images/baidu_image_search_936f8f33-4d3a-4ec7-9710-16939dfac623.jpg","历史外链；来源权利待核验","","","未核验"
"tarim-red-deer","塔里木马鹿","其他","https://miaoda-site-img.cdn.bcebos.com/images/baidu_image_search_36aad08b-efae-4aea-bc41-69b08521f8de.jpg","历史外链；来源权利待核验","","","未核验"
"yunnan-horse","云南马","马","https://miaoda-site-img.cdn.bcebos.com/images/baidu_image_search_a5e96235-df5f-443f-9dcb-2f056be5372b.jpg","历史外链；来源权利待核验","","","未核验"
"yushu-horse","玉树马","马","https://miaoda-site-img.cdn.bcebos.com/images/baidu_image_search_0bf4c1d1-5bf4-403d-af45-b4ef1fa9465a.jpg","历史外链；来源权利待核验","","","未核验"
"hetian-donkey","和田驴","其他","https://miaoda-site-img.cdn.bcebos.com/images/baidu_image_search_36e83acc-ff02-4590-8c95-22fbdf788137.jpg","历史外链；来源权利待核验","","","未核验"
"taihang-donkey","太行驴","其他","https://miaoda-site-img.cdn.bcebos.com/images/baidu_image_search_8c7d28e6-033b-485d-bc85-2e14c63431ac.jpg","历史外链；来源权利待核验","","","未核验"
"kulun-donkey","库伦驴","其他","https://miaoda-site-img.cdn.bcebos.com/images/baidu_image_search_6a26ea9b-cb7c-4848-b405-f3f15dca2a31.jpg","历史外链；来源权利待核验","","","未核验"
"suide-donkey","绥毛驴","其他","https://miaoda-site-img.cdn.bcebos.com/images/baidu_image_search_dd1a1ec3-a5d0-4a6f-805f-726c5793b4ce.jpg","历史外链；来源权利待核验","","","未核验"
"subei-donkey","苏北毛驴","其他","https://miaoda-site-img.cdn.bcebos.com/images/baidu_image_search_7954a6b0-a5a8-44f7-b00c-4f196a0d00f3.jpg","历史外链；来源权利待核验","","","未核验"
"kanu-pigeon","卡奴鸽","鸽","https://miaoda-site-img.cdn.bcebos.com/images/baidu_image_search_17802567-d702-4400-a46f-1f7a896be36d.jpg","历史外链；来源权利待核验","","","未核验"
"mondain-pigeon","蒙丹鸽","鸽","https://miaoda-site-img.cdn.bcebos.com/images/baidu_image_search_affbae16-fe7f-4de6-b664-12f0e776c6d0.jpg","历史外链；来源权利待核验","","","未核验"
"pouter-pigeon","鸾鸽","鸽","https://miaoda-site-img.cdn.bcebos.com/images/baidu_image_search_c3db3e8f-cae2-4d85-affa-6063abbf65de.jpg","历史外链；来源权利待核验","","","未核验"
"keping-camel","柯坪骆驼","骆驼","https://miaoda-site-img.cdn.bcebos.com/images/baidu_image_search_0997d4e7-a046-4504-9444-bd94b2d1bd2a.jpg","历史外链；来源权利待核验","","","未核验"
"fujian-black-rabbit","福建黑兔","兔","https://miaoda-site-img.cdn.bcebos.com/images/baidu_image_search_36699296-e07a-4c9d-8cb9-6b302ef2e7c2.jpg","历史外链；来源权利待核验","","","未核验"
"wanxi-angora-rabbit","皖系长毛兔","兔","https://miaoda-site-img.cdn.bcebos.com/images/baidu_image_search_3c261ec5-3951-4d7d-9946-d1bb5ba4e21e.jpg","历史外链；来源权利待核验","","","未核验"
"zhexi-angora-rabbit","浙系长毛兔","兔","https://miaoda-site-img.cdn.bcebos.com/images/baidu_image_search_e8ad936a-f66b-4057-927c-1d5fc5ce4690.jpg","历史外链；来源权利待核验","","","未核验"
"zhenhai-angora-rabbit","镇海长毛兔","兔","https://miaoda-site-img.cdn.bcebos.com/images/baidu_image_search_d7e9168c-f221-42b8-ae86-b661b518f343.jpg","历史外链；来源权利待核验","","","未核验"
"wenshan-horse","文山马","马","https://miaoda-site-img.cdn.bcebos.com/images/baidu_image_search_c06bfb1a-7725-4ef3-8ce6-37d6323c3e9a.jpg","历史外链；来源权利待核验","","","未核验"
"tengchong-horse","腾冲马","马","https://miaoda-site-img.cdn.bcebos.com/images/baidu_image_search_f78a30fe-edd9-4fb8-84ff-d8d61d02e0cf.jpg","历史外链；来源权利待核验","","","未核验"
"wumeng-horse","乌蒙马","马","https://miaoda-site-img.cdn.bcebos.com/images/baidu_image_search_59cdbaaa-0040-4663-b617-b5e00002e6ce.jpg","历史外链；来源权利待核验","","","未核验"
"heilongjiang-horse","黑龙江马","马","https://miaoda-site-img.cdn.bcebos.com/images/baidu_image_search_d6b1a7fe-d264-4e2c-ba77-4e307ff4ac8a.jpg","历史外链；来源权利待核验","","","未核验"
"guanzhong-horse","关中马","马","https://miaoda-site-img.cdn.bcebos.com/images/baidu_image_search_9e8748e7-aba1-461f-b4ab-90fca2a9d7ab.jpg","历史外链；来源权利待核验","","","未核验"
"bohai-horse","渤海马","马","https://miaoda-site-img.cdn.bcebos.com/images/baidu_image_search_1801ff97-0048-4348-8cbf-3c0f6b98db71.jpg","历史外链；来源权利待核验","","","未核验"
"xilingol-horse","锡林郭勒马","马","https://miaoda-site-img.cdn.bcebos.com/images/baidu_image_search_596bc272-84f5-4bf1-9b9d-0ffe2d210003.jpg","历史外链；来源权利待核验","","","未核验"
"horqin-horse","科尔沁马","马","https://miaoda-site-img.cdn.bcebos.com/images/baidu_image_search_55859ddd-b191-4bbc-987d-8eed6f7817a8.jpg","历史外链；来源权利待核验","","","未核验"
"yibin-buffalo","宜宾水牛","牛","https://miaoda-site-img.cdn.bcebos.com/images/baidu_image_search_72568858-a431-4510-a81f-0f0c059048e2.jpg","历史外链；来源权利待核验","","","未核验"
"guizhou-white-buffalo","贵州白水牛","牛","https://miaoda-site-img.cdn.bcebos.com/images/baidu_image_search_a8499c20-4186-4a03-930f-91d4f87319ec.jpg","历史外链；来源权利待核验","","","未核验"
"pamir-yak","帕米尔牦牛","牛","https://miaoda-site-img.cdn.bcebos.com/images/baidu_image_search_daba6997-30a1-4aed-a928-7f920a3aa5ee.jpg","历史外链；来源权利待核验","","","未核验"
"reindeer","敖鲁古雅驯鹿","其他","https://miaoda-site-img.cdn.bcebos.com/images/baidu_image_search_42b66a17-a6a3-4119-b74e-5ef41cafab36.jpg","历史外链；来源权利待核验","","","未核验"
"shuangyang-sika","双阳梅花鹿","其他","https://miaoda-site-img.cdn.bcebos.com/images/baidu_image_search_7cb8b524-c8b4-4472-88b1-29788022e601.jpg","历史外链；来源权利待核验","","","未核验"
"alpaca","羊驼","其他","https://miaoda-site-img.cdn.bcebos.com/images/baidu_image_search_b13393fa-ff8c-4f79-9c1b-d021774cce84.jpg","历史外链；来源权利待核验","","","未核验"
"ostrich","鸵鸟","其他","https://miaoda-site-img.cdn.bcebos.com/images/baidu_image_search_f7af3399-b192-4e33-9bac-82dcb782e0b4.jpg","历史外链；来源权利待核验","","","未核验"
"turkey","火鸡","其他","https://miaoda-site-img.cdn.bcebos.com/images/baidu_image_search_9a760755-36a7-4385-90dc-1f08e3205fe3.jpg","历史外链；来源权利待核验","","","未核验"
"liangguang-xiaohua-pig","两广小花猪","猪","https://miaoda-site-img.cdn.bcebos.com/images/baidu_image_search_c5f7d1a6-1d5a-4f2f-98f8-8b625f886bcd.jpg","历史外链；来源权利待核验","","","未核验"
"huangyan-spotted-pig","黄岩花猪","猪","https://miaoda-site-img.cdn.bcebos.com/images/baidu_image_search_6a8a2e3e-675a-49d4-8323-b528b978ff17.jpg","历史外链；来源权利待核验","","","未核验"
"jinzhai-black-pig","金寨黑猪","猪","https://miaoda-site-img.cdn.bcebos.com/images/baidu_image_search_70476aa7-f3b0-4961-aaec-fb43313d256f.jpg","历史外链；来源权利待核验","","","未核验"
"huoshou-black-pig","霍寿黑猪","猪","https://miaoda-site-img.cdn.bcebos.com/images/baidu_image_search_5f56348d-0d27-47ed-84fe-e2a7cb97e43f.jpg","历史外链；来源权利待核验","","","未核验"
"yujiang-pig","玉江猪","猪","https://miaoda-site-img.cdn.bcebos.com/images/baidu_image_search_2616e7e4-4455-4f67-b913-9775ac64112f.jpg","历史外链；来源权利待核验","","","未核验"
"ganzhongnan-spotted-pig","赣中南花猪","猪","https://miaoda-site-img.cdn.bcebos.com/images/baidu_image_search_cdf02fba-4e09-4c35-bdc8-381729b655ca.jpg","历史外链；来源权利待核验","","","未核验"
"qingyuan-mashen-pig","清原马身猪","猪","https://miaoda-site-img.cdn.bcebos.com/images/baidu_image_search_046af91f-6636-4145-93da-dd6530624a1a.jpg","历史外链；来源权利待核验","","","未核验"
"jilin-spotted-pig","吉林花猪","猪","https://miaoda-site-img.cdn.bcebos.com/images/baidu_image_search_9a0450d4-52b4-4807-afde-532419c494d6.jpg","历史外链；来源权利待核验","","","未核验"
"longyou-black-pig","龙游乌猪","猪","https://miaoda-site-img.cdn.bcebos.com/images/baidu_image_search_f6662d38-15e6-4259-92c6-f4490a6bc5b1.jpg","历史外链；来源权利待核验","","","未核验"
"pudong-white-pig","浦东白猪","猪","https://miaoda-site-img.cdn.bcebos.com/images/baidu_image_search_1c68b1c4-568a-4386-8557-fd6bbb39b313.jpg","历史外链；来源权利待核验","","","未核验"
"baoshan-pig","保山猪","猪","https://miaoda-site-img.cdn.bcebos.com/images/baidu_image_search_593ee195-7364-4a14-a9da-48976f5e7a3a.jpg","历史外链；来源权利待核验","","","未核验"
"hanzhong-white-pig","汉中白猪","猪","https://miaoda-site-img.cdn.bcebos.com/images/baidu_image_search_b8982184-c083-49ea-a304-c2d7867f5780.jpg","历史外链；来源权利待核验","","","未核验"
"xinyang-buffalo","信阳水牛","牛","https://miaoda-site-img.cdn.bcebos.com/images/baidu_image_search_82f148c5-926e-4c86-9ab1-57a8fbd05960.jpg","历史外链；来源权利待核验","","","未核验"
"shanghai-buffalo","上海水牛","牛","https://miaoda-site-img.cdn.bcebos.com/images/baidu_image_search_2a4e7cbe-9e88-41c6-a70a-9d8125eb5893.jpg","历史外链；来源权利待核验","","","未核验"
"dongchong-buffalo","东冲水牛","牛","https://miaoda-site-img.cdn.bcebos.com/images/baidu_image_search_6d38e43e-9349-4bed-88b9-f2f9dad5302d.jpg","历史外链；来源权利待核验","","","未核验"
"fuchuan-buffalo","富川水牛","牛","https://miaoda-site-img.cdn.bcebos.com/images/baidu_image_search_9d58c5c7-02ee-4bc3-a34b-e449af0c0d54.jpg","历史外链；来源权利待核验","","","未核验"
"batang-yak","巴塘牦牛","牛","https://miaoda-site-img.cdn.bcebos.com/images/baidu_image_search_40b540ce-6bcf-45c3-ae91-6a2b9e437168.jpg","历史外链；来源权利待核验","","","未核验"
"zhaotong-cattle","昭通牛","牛","https://miaoda-site-img.cdn.bcebos.com/images/baidu_image_search_0bcccccd-3374-4751-9c7f-83d5ba670593.jpg","历史外链；来源权利待核验","","","未核验"
"tibet-yellow-cattle","西藏黄牛","牛","https://miaoda-site-img.cdn.bcebos.com/images/baidu_image_search_884c0e33-dcb6-4b19-9049-551f0d1aac53.jpg","历史外链；来源权利待核验","","","未核验"
"altay-whitehead-cattle","阿尔泰白头牛","牛","https://miaoda-site-img.cdn.bcebos.com/images/baidu_image_search_235e6285-945b-4184-bfe9-bf0c7479e6d4.jpg","历史外链；来源权利待核验","","","未核验"
"guangfeng-white-goat","广丰白羊","羊","https://miaoda-site-img.cdn.bcebos.com/images/baidu_image_search_e48baf3e-ee39-410f-ad2c-fb72fda04122.jpg","历史外链；来源权利待核验","","","未核验"
"jilin-horse","吉林马","马","https://miaoda-site-img.cdn.bcebos.com/images/baidu_image_search_507819f2-580c-4523-9453-e86458977798.jpg","历史外链；来源权利待核验","","","未核验"
"tieling-draft-horse","铁岭挽马","马","https://miaoda-site-img.cdn.bcebos.com/images/baidu_image_search_dbe45112-6e82-46a4-827a-28685a4cac46.jpg","历史外链；来源权利待核验","","","未核验"
"jinzhou-horse","金州马","马","https://miaoda-site-img.cdn.bcebos.com/images/baidu_image_search_019df0fb-2993-4fa5-bc24-3601ee16980f.jpg","历史外链；来源权利待核验","","","未核验"
"silver-king-pigeon","银王鸽","鸽","https://miaoda-site-img.cdn.bcebos.com/images/baidu_image_search_e6d621b2-dc47-428c-b96a-cc910066c032.jpg","历史外链；来源权利待核验","","","未核验"
"white-king-pigeon","白羽王鸽","鸽","https://miaoda-site-img.cdn.bcebos.com/images/baidu_image_search_5f38b736-c121-400f-8304-903d89e2874b.jpg","历史外链；来源权利待核验","","","未核验"
"giant-squab-pigeon","巨型肉鸽","鸽","https://miaoda-site-img.cdn.bcebos.com/images/baidu_image_search_f2f77be3-cdc0-4e22-b174-ee308e182f60.jpg","历史外链；来源权利待核验","","","未核验"
"chaidamu-bactrian-camel","柴达木双峰驼","骆驼","https://miaoda-site-img.cdn.bcebos.com/images/baidu_image_search_612bbe74-50bc-47f9-8014-175c85565023.jpg","历史外链；来源权利待核验","","","未核验"
"tarim-bactrian-camel","塔里木双峰驼","骆驼","https://miaoda-site-img.cdn.bcebos.com/images/baidu_image_search_1de9bf8f-82a9-4e91-b204-a72b0b57261b.jpg","历史外链；来源权利待核验","","","未核验"
"chinchilla-rabbit","青紫蓝兔","兔","https://miaoda-site-img.cdn.bcebos.com/images/baidu_image_search_6f85f347-39f5-4e25-a05f-134ec383df2f.jpg","历史外链；来源权利待核验","","","未核验"
"new-zealand-white-rabbit","新西兰白兔","兔","https://miaoda-site-img.cdn.bcebos.com/images/baidu_image_search_43a5d509-d3f3-49e3-b41d-0cfa37129130.jpg","历史外链；来源权利待核验","","","未核验"
"belgian-hare","比利时兔","兔","https://miaoda-site-img.cdn.bcebos.com/images/MiaoTu_734b7588-43a4-494c-b924-ec9a321dfdbe.jpg","历史外链；来源权利待核验","","","未核验"
"californian-rabbit","加利福尼亚兔","兔","https://miaoda-site-img.cdn.bcebos.com/images/baidu_image_search_ba15ae10-2ec5-422d-bd2d-46c8b0cbd24a.jpg","历史外链；来源权利待核验","","","未核验"
"xingkai-sika-deer","兴凯湖梅花鹿","其他","https://miaoda-site-img.cdn.bcebos.com/images/baidu_image_search_5a4c37b7-cd78-4245-a712-ba3301926e02.jpg","历史外链；来源权利待核验","","","未核验"
"yili-red-deer","伊犁马鹿","其他","https://miaoda-site-img.cdn.bcebos.com/images/baidu_image_search_994f8c60-ff5c-4386-9f24-773fb872e882.jpg","历史外链；来源权利待核验","","","未核验"
"water-deer-he-lu","河鹿","其他","https://miaoda-site-img.cdn.bcebos.com/images/baidu_image_search_3acefc5f-5f85-4bb9-b6ef-48795b8c6c75.jpg","历史外链；来源权利待核验","","","未核验"
"huazhong-liangtouwu-pig","华中两头乌猪","猪","https://miaoda-site-img.cdn.bcebos.com/images/baidu_image_search_88ae47ab-a8fa-41c6-9fdf-53c8068514d3.jpg","历史外链；来源权利待核验","","","未核验"
"lantang-pig","蓝塘猪","猪","https://miaoda-site-img.cdn.bcebos.com/images/baidu_image_search_1b1cb4fa-f38b-44ab-9d2b-1e041f07253b.jpg","历史外链；来源权利待核验","","","未核验"
"dapulian-pig","大蒲莲猪","猪","https://miaoda-site-img.cdn.bcebos.com/images/baidu_image_search_a24db5c4-7533-48ec-b740-c974ee85917f.jpg","历史外链；来源权利待核验","","","未核验"
"yuedong-black-pig","粤东黑猪","猪","https://miaoda-site-img.cdn.bcebos.com/images/baidu_image_search_80549b90-593e-470a-acca-85e453fcb535.jpg","历史外链；来源权利待核验","","","未核验"
"anqing-liubai-pig","安庆六白猪","猪","https://miaoda-site-img.cdn.bcebos.com/images/baidu_image_search_fe4f9c41-a1e7-4410-be0e-2047dfb87b9e.jpg","历史外链；来源权利待核验","","","未核验"
"mi-pig","米猪","猪","https://miaoda-site-img.cdn.bcebos.com/images/baidu_image_search_da185b44-c492-425d-bc5a-482946670b8e.jpg","历史外链；来源权利待核验","","","未核验"
"wannan-black-pig","皖南黑猪","猪","https://miaoda-site-img.cdn.bcebos.com/images/baidu_image_search_94859a57-a510-4773-a345-e5367aa66352.jpg","历史外链；来源权利待核验","","","未核验"
"hainan-pig","海南猪","猪","https://miaoda-site-img.cdn.bcebos.com/images/baidu_image_search_1109fced-b047-477e-938a-12b4ee3846e5.jpg","历史外链；来源权利待核验","","","未核验"
"shenxian-pig","深县猪","猪","https://miaoda-site-img.cdn.bcebos.com/images/baidu_image_search_c33d7d48-a48e-46b8-81f9-8af3e1da73b4.jpg","历史外链；来源权利待核验","","","未核验"
"hetao-daer-pig","河套大耳猪","猪","https://miaoda-site-img.cdn.bcebos.com/images/baidu_image_search_80945263-3c72-4d46-aca0-08a639946f99.jpg","历史外链；来源权利待核验","","","未核验"
"hongdenglong-pig","红灯笼猪","猪","https://miaoda-site-img.cdn.bcebos.com/images/baidu_image_search_0ca65e34-00ae-4806-91be-6b470f623287.jpg","历史外链；来源权利待核验","","","未核验"
"chalu-black-pig","岔路黑猪","猪","https://miaoda-site-img.cdn.bcebos.com/images/baidu_image_search_6903b712-9be7-4e78-abb6-b57502f63301.jpg","历史外链；来源权利待核验","","","未核验"
"xu-pig","圩猪","猪","https://miaoda-site-img.cdn.bcebos.com/images/baidu_image_search_b8ab95a9-780d-435c-ae09-97a3a56ca60d.jpg","历史外链；来源权利待核验","","","未核验"
"wuyi-black-pig","武夷黑猪","猪","https://miaoda-site-img.cdn.bcebos.com/images/baidu_image_search_ad643f1c-7e51-432c-b1cd-d42862709691.jpg","历史外链；来源权利待核验","","","未核验"
"zaozhuang-heigai-pig","枣庄黑盖猪","猪","https://miaoda-site-img.cdn.bcebos.com/images/baidu_image_search_ebc9f6b8-cb3f-41c9-8794-1f8e0a2eb62a.jpg","历史外链；来源权利待核验","","","未核验"
"xiangcheng-pig","项城猪","猪","https://miaoda-site-img.cdn.bcebos.com/images/baidu_image_search_d9c00931-d434-434a-abc1-21e2e383acf7.jpg","历史外链；来源权利待核验","","","未核验"
"huchuan-shandi-pig","湖川山地猪","猪","https://miaoda-site-img.cdn.bcebos.com/images/baidu_image_search_102a00c6-08a6-4214-a92f-890cf22b27da.jpg","历史外链；来源权利待核验","","","未核验"
"qianshao-spotted-pig","黔邵花猪","猪","https://miaoda-site-img.cdn.bcebos.com/images/baidu_image_search_0a86d966-f1d9-49f1-8ac6-df3a2cd57b95.jpg","历史外链；来源权利待核验","","","未核验"
"debao-pig","德保猪","猪","https://miaoda-site-img.cdn.bcebos.com/images/baidu_image_search_bf1e75fe-f407-4457-945a-3429dfbf0e2c.jpg","历史外链；来源权利待核验","","","未核验"
"gaoligongshan-pig","高黎贡山猪","猪","https://miaoda-site-img.cdn.bcebos.com/images/baidu_image_search_fb0eff70-dc93-4389-8469-7cca8e6d6bc8.jpg","历史外链；来源权利待核验","","","未核验"
"tiantai-cattle","天台牛","牛","https://miaoda-site-img.cdn.bcebos.com/images/baidu_image_search_4a5672d0-84d0-47c5-9be9-8d41ec5a101f.jpg","历史外链；来源权利待核验","","","未核验"
"guangfeng-cattle","广丰牛","牛","https://miaoda-site-img.cdn.bcebos.com/images/baidu_image_search_5822d5fb-c8c8-4a51-b200-6e86ff66d2e3.jpg","历史外链；来源权利待核验","","","未核验"
"chuannan-shandi-cattle","川南山地牛","牛","https://miaoda-site-img.cdn.bcebos.com/images/baidu_image_search_38a21e7a-7089-44e7-8340-550e170eef85.jpg","历史外链；来源权利待核验","","","未核验"
"pingwu-cattle","平武牛","牛","https://miaoda-site-img.cdn.bcebos.com/images/baidu_image_search_09cc71df-0e88-4d94-9d41-0d4cc68e2ae3.jpg","历史外链；来源权利待核验","","","未核验"
"chaidamu-cattle","柴达木牛","牛","https://miaoda-site-img.cdn.bcebos.com/images/baidu_image_search_bb8b1827-901d-482f-883b-b743f5b48560.jpg","历史外链；来源权利待核验","","","未核验"
"yuxi-zhiwei-sheep","豫西脂尾羊","羊","https://miaoda-site-img.cdn.bcebos.com/images/baidu_image_search_e3ca3348-6b11-47e3-977b-67471a591de6.jpg","历史外链；来源权利待核验","","","未核验"
"weining-sheep","威宁绵羊","羊","https://miaoda-site-img.cdn.bcebos.com/images/baidu_image_search_10bd0369-9f6f-4248-8c45-13430a8ade9f.jpg","历史外链；来源权利待核验","","","未核验"
"huerba-sheep","霍尔巴绵羊","羊","https://miaoda-site-img.cdn.bcebos.com/images/baidu_image_search_922ef0f6-bec4-474e-b960-166bcbc06186.jpg","历史外链；来源权利待核验","","","未核验"
"zeku-sheep","泽库羊","羊","https://miaoda-site-img.cdn.bcebos.com/images/baidu_image_search_6e637672-8f0f-4dfb-91e0-82f7d23b5796.jpg","历史外链；来源权利待核验","","","未核验"
"pishan-red-sheep","皮山红羊","羊","https://miaoda-site-img.cdn.bcebos.com/images/baidu_image_search_6588cdfd-9d4c-40e7-a03d-29637c388f58.jpg","历史外链；来源权利待核验","","","未核验"
"bashibai-sheep","巴什拜羊","羊","https://miaoda-site-img.cdn.bcebos.com/images/baidu_image_search_cd72ba38-2b76-414b-b846-9d0be2e0190b.jpg","历史外链；来源权利待核验","","","未核验"
"turpan-black-sheep","吐鲁番黑羊","羊","https://miaoda-site-img.cdn.bcebos.com/images/baidu_image_search_92c131cb-5a87-4f09-b3bc-0ca411380cad.jpg","历史外链；来源权利待核验","","","未核验"
"laiwu-black-goat","莱芜黑山羊","羊","https://miaoda-site-img.cdn.bcebos.com/images/baidu_image_search_673e7f29-50c4-4276-a7ad-0405cb04a1aa.jpg","历史外链；来源权利待核验","","","未核验"
"yashan-black-cashmere-goat","牙山黑绒山羊","羊","https://miaoda-site-img.cdn.bcebos.com/images/baidu_image_search_b2fefcbb-a44d-4699-832d-7774bc3c527d.jpg","历史外链；来源权利待核验","","","未核验"
"dazu-black-goat","大足黑山羊","羊","https://miaoda-site-img.cdn.bcebos.com/images/baidu_image_search_b8021fb1-c7eb-4ec9-b583-378207c7a553.jpg","历史外链；来源权利待核验","","","未核验"
"shanggu-white-goat","上谷白山羊","羊","https://miaoda-site-img.cdn.bcebos.com/images/baidu_image_search_f8aee638-35aa-4762-9ff0-1de7e1032f12.jpg","历史外链；来源权利待核验","","","未核验"
"ganxi-goat","赣西山羊","羊","https://miaoda-site-img.cdn.bcebos.com/images/baidu_image_search_9b26bbe2-e2b7-47ac-9d08-044d113e45d9.jpg","历史外链；来源权利待核验","","","未核验"
"yimeng-black-goat","沂蒙黑山羊","羊","https://miaoda-site-img.cdn.bcebos.com/images/baidu_image_search_81498f11-fcd2-46f6-b88b-8d46679480cb.jpg","历史外链；来源权利待核验","","","未核验"
"yudong-black-goat","渝东黑山羊","羊","https://miaoda-site-img.cdn.bcebos.com/images/baidu_image_search_388aff62-011b-4e4a-9d68-36b5b0b53008.jpg","历史外链；来源权利待核验","","","未核验"
"hechuan-white-goat","合川白山羊","羊","https://miaoda-site-img.cdn.bcebos.com/images/baidu_image_search_66a46d37-f53a-47b2-bf36-a2d232c95acc.jpg","历史外链；来源权利待核验","","","未核验"
"baiyu-black-goat","白玉黑山羊","羊","https://miaoda-site-img.cdn.bcebos.com/images/baidu_image_search_906aa805-568d-456f-bae9-a179af9b92c9.jpg","历史外链；来源权利待核验","","","未核验"
"tianfu-meat-pigeon","天府肉鸽","鸽","https://miaoda-site-img.cdn.bcebos.com/images/baidu_image_search_f0816b4c-0505-487c-b5ef-ccb4a7925807.jpg","历史外链；来源权利待核验","","","未核验"
"shenxi-pigeon","深溪鸽","鸽","https://miaoda-site-img.cdn.bcebos.com/images/baidu_image_search_3f2a133d-281a-4117-84b4-418b5601ac10.jpg","历史外链；来源权利待核验","","","未核验"
"foshan-pigeon","佛山鸽","鸽","https://miaoda-site-img.cdn.bcebos.com/images/baidu_image_search_8d99a8fe-f343-448a-9ea2-455b00162091.jpg","历史外链；来源权利待核验","","","未核验"
"taishen-meat-pigeon","泰深肉鸽","鸽","https://miaoda-site-img.cdn.bcebos.com/images/baidu_image_search_3aa513f7-7cd1-441b-a59b-daed11d53c60.jpg","历史外链；来源权利待核验","","","未核验"
"haerbin-white-rabbit","哈尔滨大白兔","兔","https://miaoda-site-img.cdn.bcebos.com/images/baidu_image_search_a8090f2f-cda4-4015-a060-cb000f1d279a.jpg","历史外链；来源权利待核验","","","未核验"
"taihang-black-rabbit","太行黑兔","兔","https://miaoda-site-img.cdn.bcebos.com/images/baidu_image_search_7119ed45-7b4c-4fa9-a6e1-3cb620551496.jpg","历史外链；来源权利待核验","","","未核验"
"sebei-spotted-rabbit","塞北花兔","兔","https://miaoda-site-img.cdn.bcebos.com/images/baidu_image_search_6d59bbad-059f-42fa-8bc6-6633b1706c9b.jpg","历史外链；来源权利待核验","","","未核验"
"yudong-white-rabbit","豫东白兔","兔","https://miaoda-site-img.cdn.bcebos.com/images/baidu_image_search_18aa00ea-7f49-455c-8a89-3bd3deb4d34e.jpg","历史外链；来源权利待核验","","","未核验"
"yunnan-black-rabbit","云南黑兔","兔","https://miaoda-site-img.cdn.bcebos.com/images/baidu_image_search_e772430c-5941-4f7f-8e22-acc633a77f80.jpg","历史外链；来源权利待核验","","","未核验"
"jiujiang-grey-rabbit","九江灰兔","兔","https://miaoda-site-img.cdn.bcebos.com/images/baidu_image_search_2ec00d9e-a397-461e-b3b4-479f28efa5e1.jpg","历史外链；来源权利待核验","","","未核验"
"wulate-bactrian-camel","乌拉特双峰驼","骆驼","https://miaoda-site-img.cdn.bcebos.com/images/baidu_image_search_e4ccdc15-7c92-4833-8392-c2c415348f30.jpg","历史外链；来源权利待核验","","","未核验"
"subei-bactrian-camel","肃北双峰驼","骆驼","https://miaoda-site-img.cdn.bcebos.com/images/baidu_image_search_b0608425-d241-422c-adae-758a44a0b620.jpg","历史外链；来源权利待核验","","","未核验"
"badanjilin-bactrian-camel","巴丹吉林双峰驼","骆驼","https://miaoda-site-img.cdn.bcebos.com/images/baidu_image_search_f5da3634-1590-415c-ae02-bce2aa86acb5.jpg","历史外链；来源权利待核验","","","未核验"
"yangyuan-donkey","阳原驴","其他","https://miaoda-site-img.cdn.bcebos.com/images/baidu_image_search_d12d0cf5-63f1-47c6-be0f-9e002b84c806.jpg","历史外链；来源权利待核验","","","未核验"
"jili-donkey","吉利驴","其他","https://miaoda-site-img.cdn.bcebos.com/images/baidu_image_search_3d4f1999-66d5-49cb-b0d8-cacc5bd902e0.jpg","历史外链；来源权利待核验","","","未核验"
"baichun-deer","白唇鹿","其他","https://miaoda-site-img.cdn.bcebos.com/images/baidu_image_search_83857014-f9dd-4180-8b2f-fcd2801d0699.jpg","历史外链；来源权利待核验","","","未核验"
"dongbei-red-deer","东北马鹿","其他","https://miaoda-site-img.cdn.bcebos.com/images/baidu_image_search_6325c5cd-0096-4c91-be5e-0a7e69d59cc2.jpg","历史外链；来源权利待核验","","","未核验"
"tahe-red-deer","塔河马鹿","其他","https://miaoda-site-img.cdn.bcebos.com/images/baidu_image_search_89b42a41-8e82-4a51-8b8d-40cb77bf6287.jpg","历史外链；来源权利待核验","","","未核验"
"dulong-cattle","独龙牛","牛","/brand/breed-placeholder.svg","项目 SVG 占位","本项目","项目原生 SVG","否（矢量代码）"
"hetian-chicken","河田鸡","鸡","/brand/breed-placeholder.svg","项目 SVG 占位","本项目","项目原生 SVG","否（矢量代码）"
"jinyang-silk-feather-chicken","金阳丝毛鸡","鸡","/brand/breed-placeholder.svg","项目 SVG 占位","本项目","项目原生 SVG","否（矢量代码）"
"lindian-chicken","林甸鸡","鸡","/brand/breed-placeholder.svg","项目 SVG 占位","本项目","项目原生 SVG","否（矢量代码）"
"huaixiang-chicken","怀乡鸡","鸡","/brand/breed-placeholder.svg","项目 SVG 占位","本项目","项目原生 SVG","否（矢量代码）"
"minqing-feathered-leg-chicken","闽清毛脚鸡","鸡","/brand/breed-placeholder.svg","项目 SVG 占位","本项目","项目原生 SVG","否（矢量代码）"
"wannansan-yellow-chicken","皖南三黄鸡","鸡","/brand/breed-placeholder.svg","项目 SVG 占位","本项目","项目原生 SVG","否（矢量代码）"
"jinhu-black-phoenix-chicken","金湖乌凤鸡","鸡","/brand/breed-placeholder.svg","项目 SVG 占位","本项目","项目原生 SVG","否（矢量代码）"
"yantai-canka-chicken","烟台䅟糠鸡","鸡","/brand/breed-placeholder.svg","项目 SVG 占位","本项目","项目原生 SVG","否（矢量代码）"
"xichuan-black-bone-chicken","淅川乌骨鸡","鸡","/brand/breed-placeholder.svg","项目 SVG 占位","本项目","项目原生 SVG","否（矢量代码）"
"henan-game-chicken","河南斗鸡","鸡","/brand/breed-placeholder.svg","项目 SVG 占位","本项目","项目原生 SVG","否（矢量代码）"
"jingyang-chicken","景阳鸡","鸡","/brand/breed-placeholder.svg","项目 SVG 占位","本项目","项目原生 SVG","否（矢量代码）"
"laifeng-youshui-chicken","来凤酉水鸡","鸡","/brand/breed-placeholder.svg","项目 SVG 占位","本项目","项目原生 SVG","否（矢量代码）"
"xuefeng-black-bone-chicken","雪峰乌骨鸡","鸡","/brand/breed-placeholder.svg","项目 SVG 占位","本项目","项目原生 SVG","否（矢量代码）"
"guangxi-ma-chicken","广西麻鸡","鸡","/brand/breed-placeholder.svg","项目 SVG 占位","本项目","项目原生 SVG","否（矢量代码）"
"yao-chicken","瑶鸡","鸡","/brand/breed-placeholder.svg","项目 SVG 占位","本项目","项目原生 SVG","否（矢量代码）"
"tengchong-snow-chicken","腾冲雪鸡","鸡","/brand/breed-placeholder.svg","项目 SVG 占位","本项目","项目原生 SVG","否（矢量代码）"
"taiping-chicken","太平鸡","鸡","/brand/breed-placeholder.svg","项目 SVG 占位","本项目","项目原生 SVG","否（矢量代码）"
"haidong-chicken","海东鸡","鸡","/brand/breed-placeholder.svg","项目 SVG 占位","本项目","项目原生 SVG","否（矢量代码）"
"mawang-duck","麻旺鸭","鸭","/brand/breed-placeholder.svg","项目 SVG 占位","本项目","项目原生 SVG","否（矢量代码）"
"xianghaifei-goose","向海飞鹅","鹅","/brand/breed-placeholder.svg","项目 SVG 占位","本项目","项目原生 SVG","否（矢量代码）"
"jilin-sika-deer","吉林梅花鹿","其他","/brand/breed-placeholder.svg","项目 SVG 占位","本项目","项目原生 SVG","否（矢量代码）"
